12:08:35 PM,-0.639648438,-0.221923828,1.463378906,13.15307617,0.915527344,-7.965087891,-40.01495726,32.36572802,-40.56785714,8.626,16.1548795,75.6352105
12:08:35 PM,0.367919922,0.430664063,0.929443359,17.88330078,4.455566406,-0.457763672,-40.55087187,34.34363362,-41.08795788,8.626,16.1548795,75.6352105
12:08:35 PM,0.311279297,0.304931641,0.603271484,-7.202148438,1.770019531,-6.866455078,-41.44406288,35.96192002,-42.99499389,8.626,16.1548795,75.6352105
12:08:35 PM,-1.163574219,-0.078369141,1.055908203,0.244140625,-0.518798828,-5.950927734,-40.01495726,36.32153922,-42.64826007,8.626,16.1548795,75.6352105
12:08:35 PM,-0.055419922,-0.055908203,1.061767578,6.103515625,0.885009766,-7.32421875,-39.12176625,35.42249122,-41.78142552,8.626,16.1548795,75.6352105
12:08:35 PM,0.034423828,0.407958984,0.848388672,5.493164063,12.05444336,-5.523681641,-39.83631906,34.34363362,-43.86182845,8.626,16.1548795,75.6352105
12:08:35 PM,-0.002929688,0.285400391,1.057861328,5.493164063,9.246826172,2.349853516,-40.90814828,34.34363362,-44.20856227,8.626,16.1548795,75.6352105
12:08:35 PM,-0.552734375,-0.358398438,2.434326172,-7.415771484,-7.568359375,-2.380371094,-40.19359547,33.62439522,-44.90202991,8.626,16.1548795,75.6352105
12:08:35 PM,-0.644775391,0.468505859,0.239746094,-2.105712891,-11.38305664,-4.577636719,-40.19359547,33.98401442,-43.16836081,8.626,16.1548795,75.6352105
12:08:35 PM,-0.069824219,0.479492188,0.554443359,-8.972167969,19.19555664,-4.211425781,-38.40721345,33.98401442,-44.90202991,8.626,16.1548795,75.6352105
12:08:35 PM,1.415527344,-0.267333984,1.082763672,12.60375977,10.25390625,-4.272460938,-40.37223367,35.60230082,-44.728663,8.626,16.1548795,75.6352105
12:08:35 PM,-0.975585938,0.180908203,2.130126953,5.523681641,-4.028320313,6.072998047,-38.58585165,35.24268162,-46.11559829,8.626,16.1548795,75.6352105
12:08:35 PM,-0.363037109,0.295410156,0.818115234,-27.19116211,-6.622314453,-10.40649414,-40.55087187,35.06287202,-46.2889652,8.626,16.1548795,75.6352105
12:08:35 PM,0.581054688,0.347412109,0.140869141,-3.265380859,21.88110352,5.767822266,-40.37223367,32.72534722,-47.50253358,8.626,16.1548795,75.6352105
12:08:35 PM,-0.765136719,0.297119141,1.491699219,-2.075195313,-3.601074219,-8.148193359,-39.47904266,32.54553762,-46.63569902,8.626,16.1548795,75.6352105
12:08:35 PM,0.51171875,0.298583984,0.323730469,-5.828857422,-8.30078125,-6.34765625,-38.22857524,30.92725122,-46.80906593,8.626,16.1548795,75.6352105
12:08:35 PM,-0.321533203,-0.456054688,0.376953125,4.272460938,16.8762207,9.857177734,-40.19359547,31.46668002,-45.94223138,8.626,16.1548795,75.6352105
12:08:35 PM,-0.822021484,0.484863281,1.353027344,-5.310058594,9.460449219,-10.98632813,-40.37223367,32.00610882,-46.46233211,8.626,16.1548795,75.6352105
12:08:35 PM,0.031738281,0.364013672,1.885986328,-0.366210938,9.643554688,13.45825195,-40.37223367,33.44458562,-44.38192918,8.626,16.1548795,75.6352105
12:08:35 PM,0.3828125,-0.114990234,1.035644531,-12.32910156,-11.29150391,0.183105469,-40.01495726,31.64648962,-43.34172772,8.626,16.1548795,75.6352105
12:08:35 PM,-0.118896484,0.156982422,0.554931641,-18.00537109,5.37109375,5.706787109,-40.55087187,34.70325282,-43.51509463,8.626,16.1548795,75.6352105
12:08:35 PM,0.594970703,-0.160400391,0.660888672,12.29858398,6.683349609,9.460449219,-40.37223367,35.60230082,-42.99499389,8.626,16.1548795,75.6352105
12:08:35 PM,-0.872070313,0.083740234,2.334228516,-20.08056641,-5.920410156,-9.704589844,-39.47904266,37.22058723,-42.82162698,8.626,16.1548795,75.6352105
12:08:35 PM,0.157226563,-0.074707031,0.629638672,-10.80322266,0.274658203,3.234863281,-40.19359547,36.86096803,-44.90202991,8.626,16.1548795,75.6352105
12:08:35 PM,0.90234375,-0.202392578,0.805175781,-1.770019531,10.16235352,-2.9296875,-38.76448985,38.65906403,-45.59549756,8.626,16.1548795,75.6352105
12:08:35 PM,-1.133789063,0.016357422,0.966796875,6.958007813,-0.823974609,0.915527344,-40.72951007,36.32153922,-47.8492674,8.626,16.1548795,75.6352105
12:08:35 PM,-0.713378906,-0.004882813,1.539550781,19.92797852,-15.80810547,0.671386719,-37.87129884,36.32153922,-51.66333944,8.626,16.1548795,75.6352105
12:08:35 PM,0.966308594,-0.110595703,-0.315673828,-10.55908203,-5.065917969,-6.591796875,-39.30040446,35.60230082,-52.7035409,8.626,16.1548795,75.6352105
12:08:35 PM,0.650390625,-0.315673828,-0.252929688,19.68383789,13.36669922,2.166748047,-37.69266064,34.70325282,-54.95731074,8.626,16.1548795,75.6352105
12:08:35 PM,-0.508056641,-0.116699219,1.677978516,18.43261719,3.692626953,-11.53564453,-39.65768086,32.00610882,-55.8241453,8.626,16.1548795,75.6352105
12:08:35 PM,-0.395751953,0.349121094,2.739501953,-14.00756836,-17.76123047,-6.286621094,-38.94312805,29.12915522,-56.86434676,8.626,16.1548795,75.6352105
12:08:35 PM,-0.263427734,-0.093017578,0.365966797,-15.99121094,-10.07080078,-13.54980469,-38.22857524,27.69067842,-56.51761294,8.626,16.1548795,75.6352105
12:08:35 PM,0.271972656,0.340576172,0.958496094,22.15576172,12.9699707,-4.486083984,-37.87129884,26.25220162,-54.43721001,8.626,16.1548795,75.6352105
12:08:35 PM,-0.308349609,0.108398438,1.497314453,38.20800781,1.617431641,-3.112792969,-38.22857524,25.89258242,-53.05027473,8.626,16.1548795,75.6352105
12:08:35 PM,-0.031982422,0.208251953,1.494628906,15.93017578,-25.29907227,-16.17431641,-38.58585165,26.61182082,-48.88946886,8.626,16.1548795,75.6352105
12:08:35 PM,0.266357422,-0.688720703,0.581787109,-6.103515625,-4.302978516,-9.429931641,-38.58585165,26.61182082,-48.88946886,8.626,16.1548795,75.6352105
12:08:35 PM,0.509521484,-0.016357422,0.088378906,17.21191406,-7.080078125,-18.92089844,-40.19359547,25.71277282,-48.36936813,8.626,16.1548795,75.6352105
12:08:35 PM,0.164550781,0.393798828,0.98828125,-6.286621094,-3.90625,-17.60864258,-39.65768086,29.48877442,-44.03519536,8.626,16.1548795,75.6352105
12:08:35 PM,-0.271240234,-0.423339844,1.120361328,1.983642578,3.601074219,-15.83862305,-39.65768086,28.40991682,-42.99499389,8.626,16.1548795,75.6352105
12:08:35 PM,-0.093994141,0.133056641,0.878173828,5.37109375,-9.552001953,-16.51000977,-38.76448985,32.18591842,-42.12815934,8.626,16.1548795,75.6352105
12:08:35 PM,0.014648438,0.622314453,0.573242188,9.246826172,-13.06152344,-2.44140625,-40.19359547,34.70325282,-41.4346917,8.626,16.1548795,75.6352105
12:08:35 PM,0.219726563,0.059082031,0.630371094,3.692626953,0.091552734,-18.31054688,-40.37223367,35.60230082,-42.64826007,8.626,16.1548795,75.6352105
12:08:35 PM,-0.010742188,-0.125488281,1.157714844,22.43041992,-9.704589844,-5.279541016,-40.19359547,36.14172962,-42.82162698,8.626,16.1548795,75.6352105
12:08:35 PM,-0.842041016,0.310791016,1.593261719,-7.843017578,4.302978516,-19.22607422,-40.37223367,36.32153922,-42.64826007,8.626,16.1548795,75.6352105
12:08:35 PM,0.163330078,0.419677734,1.176025391,-2.746582031,3.356933594,-16.02172852,-40.72951007,37.04077763,-43.34172772,8.626,16.1548795,75.6352105
12:08:35 PM,0.151611328,-0.409667969,1.634277344,5.340576172,-14.12963867,-16.47949219,-40.37223367,35.96192002,-44.03519536,8.626,16.1548795,75.6352105
12:08:35 PM,-0.473632813,0.167236328,1.173095703,-17.60864258,-15.83862305,-18.89038086,-40.37223367,35.60230082,-46.80906593,8.626,16.1548795,75.6352105
12:08:35 PM,0.188476563,0.367431641,0.916015625,0.610351563,6.927490234,-8.544921875,-40.55087187,35.06287202,-45.24876374,8.626,16.1548795,75.6352105
12:08:35 PM,0.669433594,-0.181396484,0.618408203,31.92138672,10.37597656,-10.71166992,-40.01495726,35.60230082,-44.03519536,8.626,16.1548795,75.6352105
12:08:35 PM,-0.578369141,-0.135498047,1.645751953,7.507324219,-1.983642578,-12.05444336,-40.19359547,35.78211042,-44.90202991,8.626,16.1548795,75.6352105
12:08:35 PM,-0.083007813,0.012939453,1.079833984,-1.678466797,-6.286621094,-12.26806641,-40.37223367,37.04077763,-45.76886447,8.626,16.1548795,75.6352105
12:08:35 PM,-0.038574219,0.0390625,1.207519531,-4.39453125,1.312255859,-11.62719727,-40.01495726,35.60230082,-48.19600122,8.626,16.1548795,75.6352105
12:08:35 PM,-0.194335938,-0.097900391,0.344238281,-2.227783203,-1.190185547,-9.918212891,-37.87129884,34.16382402,-46.80906593,8.626,16.1548795,75.6352105
12:08:35 PM,-0.255615234,0.4609375,1.543212891,-6.042480469,9.857177734,-18.58520508,-38.58585165,34.88306242,-46.80906593,8.626,16.1548795,75.6352105
12:08:35 PM,0.299560547,0.143310547,-0.080566406,5.279541016,2.624511719,-15.65551758,-39.47904266,35.06287202,-47.67590049,8.626,16.1548795,75.6352105
12:08:35 PM,-0.0859375,-0.114990234,0.655761719,21.14868164,-6.34765625,-16.44897461,-38.94312805,33.44458562,-47.15579976,8.626,16.1548795,75.6352105
12:08:35 PM,-0.188720703,0.087646484,1.191650391,9.826660156,-8.239746094,-13.3972168,-40.19359547,33.62439522,-46.2889652,8.626,16.1548795,75.6352105
12:08:35 PM,-0.416259766,0.203369141,1.55859375,-5.157470703,15.25878906,-18.21899414,-40.19359547,35.06287202,-46.63569902,8.626,16.1548795,75.6352105
12:08:35 PM,0.616210938,0.156005859,0.833496094,7.507324219,6.500244141,-11.93237305,-38.76448985,36.14172962,-45.94223138,8.626,16.1548795,75.6352105
12:08:35 PM,-0.68359375,-0.093017578,1.602539063,-8.392333984,7.32421875,-15.16723633,-39.30040446,36.32153922,-42.30152625,8.626,16.1548795,75.6352105
12:08:35 PM,-0.025634766,0.237060547,1.530517578,-7.32421875,-0.640869141,-17.79174805,-40.55087187,36.50134882,-43.16836081,8.626,16.1548795,75.6352105
12:08:35 PM,0.330566406,0.344482422,1.212890625,-4.241943359,-12.66479492,-12.4206543,-38.94312805,38.83887363,-43.68846154,8.626,16.1548795,75.6352105
12:08:35 PM,-0.171142578,-0.378417969,1.052490234,-12.63427734,1.129150391,-5.828857422,-41.08678648,39.55811203,-44.03519536,8.626,16.1548795,75.6352105
12:08:35 PM,-0.07421875,0.149658203,0.271728516,-6.317138672,9.613037109,-8.422851563,-40.19359547,41.17639843,-44.90202991,8.626,16.1548795,75.6352105
12:08:35 PM,0.285644531,0.621337891,1.425537109,14.67895508,11.56616211,-4.791259766,-39.83631906,41.89563683,-47.67590049,8.626,16.1548795,75.6352105
12:08:35 PM,0.150878906,-0.044433594,1.339599609,2.319335938,0.671386719,-8.392333984,-39.83631906,42.25525603,-51.48997253,8.626,16.1548795,75.6352105
12:08:35 PM,0.310058594,-0.547363281,0.699462891,-4.8828125,0.366210938,-6.256103516,-39.12176625,39.37830243,-53.57037546,8.626,16.1548795,75.6352105
12:08:35 PM,-0.007568359,-0.071289063,0.437255859,-2.197265625,9.460449219,-5.920410156,-37.87129884,37.76001603,-54.43721001,8.626,16.1548795,75.6352105
12:08:35 PM,-0.094970703,0.783935547,1.213378906,-12.29858398,-2.105712891,-13.97705078,-39.30040446,35.96192002,-58.25128205,8.626,16.1548795,75.6352105
12:08:35 PM,-0.401123047,0.043212891,1.537841797,-22.82714844,1.861572266,-13.03100586,-38.94312805,33.44458562,-58.94474969,8.626,16.1548795,75.6352105
12:08:35 PM,0.442626953,-0.091552734,0.254150391,7.385253906,1.46484375,-2.227783203,-38.76448985,30.02820322,-58.77138278,8.626,16.1548795,75.6352105
12:08:35 PM,-0.087402344,0.458007813,0.991943359,-1.403808594,-2.624511719,-0.396728516,-38.40721345,29.30896482,-54.95731074,8.626,16.1548795,75.6352105
12:08:35 PM,-0.448974609,0.753173828,1.233886719,-1.220703125,-3.173828125,1.983642578,-39.12176625,28.23010722,-53.57037546,8.626,16.1548795,75.6352105
12:08:35 PM,-0.713623047,-0.1640625,0.610107422,-31.21948242,15.8996582,-4.486083984,-38.04993704,28.58972642,-49.4095696,8.626,16.1548795,75.6352105
12:08:35 PM,0.658691406,-0.103515625,1.972900391,1.892089844,9.124755859,4.180908203,-40.72951007,31.64648962,-47.50253358,8.626,16.1548795,75.6352105
12:08:35 PM,0.180664063,0.171386719,0.354980469,-10.7421875,7.690429688,6.317138672,-40.37223367,32.72534722,-45.42213065,9.019,16.15487817,75.6351675
12:08:35 PM,-0.227783203,0.158691406,1.329345703,-21.69799805,4.791259766,6.866455078,-39.83631906,32.90515682,-43.51509463,9.019,16.15487817,75.6351675
12:08:35 PM,0.362060547,0.063964844,0.651367188,-13.73291016,0.732421875,0.457763672,-40.37223367,35.24268162,-41.95479243,9.019,16.15487817,75.6351675
12:08:35 PM,-0.052734375,-0.149658203,1.872802734,-22.06420898,-0.427246094,3.143310547,-38.76448985,36.50134882,-41.08795788,9.019,16.15487817,75.6351675
12:08:35 PM,-0.302490234,0.265380859,0.760986328,-24.38354492,0.366210938,-3.509521484,-39.12176625,36.86096803,-40.39449023,9.019,16.15487817,75.6351675
12:08:35 PM,0.735107422,0.528564453,0.293457031,-3.814697266,16.29638672,0.762939453,-40.01495726,38.83887363,-42.30152625,9.019,16.15487817,75.6351675
12:08:35 PM,0.310791016,-0.850585938,1.089111328,2.288818359,-1.037597656,5.462646484,-39.30040446,39.91773123,-42.30152625,9.019,16.15487817,75.6351675
12:08:35 PM,-0.256347656,0.180419922,0.891845703,-27.95410156,-17.63916016,-6.561279297,-40.19359547,38.65906403,-43.16836081,9.019,16.15487817,75.6351675
12:08:35 PM,-0.000244141,0.458984375,0.560302734,-10.98632813,8.758544922,10.52856445,-39.65768086,40.63696963,-44.728663,9.019,16.15487817,75.6351675
12:08:35 PM,-0.198486328,0.118652344,1.101806641,-29.38842773,6.927490234,-9.857177734,-40.01495726,38.47925443,-42.99499389,9.019,16.15487817,75.6351675
12:08:35 PM,-0.060546875,-0.448242188,1.112060547,-22.61352539,6.652832031,4.241943359,-39.47904266,37.58020643,-43.16836081,9.019,16.15487817,75.6351675
12:08:35 PM,0.117919922,0.483398438,1.190185547,-17.91381836,2.746582031,4.974365234,-39.47904266,36.50134882,-43.51509463,9.019,16.15487817,75.6351675
12:08:35 PM,0.503173828,-0.153320313,0.658447266,-14.09912109,-4.608154297,8.148193359,-38.76448985,37.93982563,-43.16836081,9.019,16.15487817,75.6351675
12:08:35 PM,-0.073730469,-0.075439453,1.241210938,-14.09912109,1.281738281,13.15307617,-38.58585165,39.55811203,-44.38192918,9.019,16.15487817,75.6351675
12:08:35 PM,-1.119140625,0.234130859,1.148681641,-16.11328125,-1.770019531,3.051757813,-38.58585165,39.55811203,-44.38192918,9.019,16.15487817,75.6351675
12:08:35 PM,-0.116210938,0.614990234,1.305908203,-2.807617188,-8.911132813,8.880615234,-39.12176625,39.01868323,-43.86182845,9.019,16.15487817,75.6351675
12:08:35 PM,0.159667969,-0.248046875,0.973144531,-14.61791992,11.96289063,6.378173828,-38.94312805,36.32153922,-45.42213065,9.019,16.15487817,75.6351675
12:08:35 PM,0.424804688,0.377685547,0.412109375,4.089355469,7.446289063,12.84790039,-38.76448985,35.42249122,-45.94223138,9.019,16.15487817,75.6351675
12:08:35 PM,-0.129638672,-0.102539063,1.6171875,4.577636719,-10.07080078,3.173828125,-38.22857524,36.32153922,-46.11559829,9.019,16.15487817,75.6351675
12:08:35 PM,-0.334228516,-0.130126953,1.052246094,-20.59936523,5.706787109,-2.44140625,-37.69266064,34.34363362,-45.59549756,9.019,16.15487817,75.6351675
12:08:35 PM,0.509521484,-0.071044922,0.800048828,-5.493164063,-3.875732422,5.554199219,-38.40721345,34.70325282,-44.55529609,9.019,16.15487817,75.6351675
12:08:35 PM,-0.057128906,0.666259766,0.944580078,-32.40966797,5.767822266,-2.502441406,-39.12176625,34.70325282,-43.51509463,9.019,16.15487817,75.6351675
12:08:35 PM,0.115234375,-0.098876953,0.786621094,-7.537841797,0.152587891,4.180908203,-40.37223367,35.24268162,-42.30152625,9.019,16.15487817,75.6351675
12:08:35 PM,-0.604736328,0.278564453,0.864990234,-20.26367188,-10.62011719,1.708984375,-39.12176625,37.22058723,-42.12815934,9.019,16.15487817,75.6351675
12:08:35 PM,-0.198730469,0.553710938,0.570556641,-3.631591797,-2.868652344,6.744384766,-40.90814828,37.93982563,-40.74122405,9.019,16.15487817,75.6351675
12:08:36 PM,0.358154297,0.151123047,1.007080078,-8.392333984,11.50512695,9.674072266,-38.40721345,39.01868323,-41.4346917,9.019,16.15487817,75.6351675
12:08:36 PM,0.559082031,-0.570800781,1.128662109,0,11.10839844,6.408691406,-39.12176625,40.09754083,-44.20856227,9.019,16.15487817,75.6351675
12:08:36 PM,-0.379150391,0.111083984,1.0390625,-15.25878906,-2.655029297,5.340576172,-37.51402244,40.63696963,-45.07539683,9.019,16.15487817,75.6351675
12:08:36 PM,-0.597900391,0.158447266,1.578613281,-13.12255859,-2.227783203,1.831054688,-39.47904266,41.53601763,-44.90202991,9.019,16.15487817,75.6351675
12:08:36 PM,-0.219482422,0.0859375,1.364746094,-15.44189453,3.082275391,8.850097656,-38.94312805,40.63696963,-48.54273504,9.019,16.15487817,75.6351675
12:08:36 PM,0.430908203,0.206298828,0.606445313,-5.798339844,1.220703125,8.392333984,-37.69266064,38.65906403,-51.48997253,9.019,16.15487817,75.6351675
12:08:36 PM,0.392578125,-0.111816406,0.981201172,-5.462646484,9.155273438,2.960205078,-39.83631906,37.22058723,-52.87690781,9.019,16.15487817,75.6351675
12:08:36 PM,-0.399902344,0.030761719,1.047607422,-8.270263672,4.211425781,3.875732422,-38.04993704,34.34363362,-53.91710928,9.019,16.15487817,75.6351675
12:08:36 PM,0.192138672,-0.023193359,1.340576172,-16.78466797,5.249023438,-2.166748047,-37.87129884,32.36572802,-55.13067766,9.019,16.15487817,75.6351675
12:08:36 PM,0.283203125,0.346923828,0.519287109,-17.42553711,3.601074219,3.753662109,-38.04993704,29.30896482,-54.2638431,9.019,16.15487817,75.6351675
12:08:36 PM,-0.281005859,-0.292236328,0.653564453,-10.28442383,-1.800537109,-2.319335938,-37.87129884,28.05029762,-51.66333944,9.019,16.15487817,75.6351675
12:08:36 PM,-0.130615234,0.192871094,0.437011719,-12.39013672,5.035400391,3.753662109,-38.94312805,28.05029762,-48.54273504,9.019,16.15487817,75.6351675
12:08:36 PM,-0.683105469,0.128173828,1.083984375,-1.708984375,-1.770019531,-1.281738281,-38.76448985,28.58972642,-46.63569902,9.019,16.15487817,75.6351675
12:08:36 PM,0.161865234,0.352050781,1.17578125,4.150390625,1.647949219,6.072998047,-40.01495726,29.48877442,-44.03519536,9.019,16.15487817,75.6351675
12:08:36 PM,0.739257813,-0.322998047,0.879394531,-0.030517578,14.34326172,11.68823242,-39.47904266,31.82629922,-42.12815934,9.019,16.15487817,75.6351675
12:08:36 PM,-0.46875,-0.370849609,1.073486328,-13.42773438,3.082275391,4.425048828,-39.12176625,32.18591842,-40.74122405,9.019,16.15487817,75.6351675
12:08:36 PM,0.037841797,0.377685547,1.023925781,-5.401611328,-5.462646484,10.10131836,-38.94312805,34.88306242,-39.18092186,9.019,16.15487817,75.6351675
12:08:36 PM,-0.383789063,0.349121094,1.459228516,-19.68383789,4.150390625,4.150390625,-38.94312805,36.68115842,-37.79398657,9.019,16.15487817,75.6351675
12:08:36 PM,0.297607422,-0.244384766,1.116210938,-8.911132813,9.857177734,7.385253906,-39.47904266,36.50134882,-38.66082112,9.019,16.15487817,75.6351675
12:08:36 PM,-0.103027344,-0.176757813,0.959472656,-5.737304688,-4.39453125,8.7890625,-38.94312805,38.83887363,-39.8743895,9.019,16.15487817,75.6351675
12:08:36 PM,-0.162353516,0.462158203,1.204345703,-0.9765625,5.218505859,16.14379883,-39.12176625,38.65906403,-40.39449023,9.019,16.15487817,75.6351675
12:08:36 PM,0.038818359,-0.238769531,0.864746094,-8.758544922,5.187988281,8.941650391,-38.94312805,37.76001603,-40.91459096,9.019,16.15487817,75.6351675
12:08:36 PM,0.281738281,-0.149169922,1.306884766,-1.159667969,6.8359375,13.82446289,-37.69266064,36.86096803,-42.12815934,9.019,16.15487817,75.6351675
12:08:36 PM,-0.247070313,0.375244141,1.129638672,0.152587891,3.051757813,13.85498047,-39.65768086,35.96192002,-41.60805861,9.019,16.15487817,75.6351675
12:08:36 PM,-0.268066406,0.643066406,1.080322266,-17.21191406,-11.87133789,5.37109375,-39.30040446,35.60230082,-41.26132479,9.019,16.15487817,75.6351675
12:08:36 PM,-0.970947266,0.158935547,1.30078125,-13.27514648,-11.71875,5.096435547,-37.87129884,36.32153922,-41.26132479,9.019,16.15487817,75.6351675
12:08:36 PM,-0.04296875,0.270019531,0.720703125,-5.035400391,2.166748047,4.516601563,-37.51402244,38.11963523,-42.64826007,9.019,16.15487817,75.6351675
12:08:36 PM,1.072021484,-0.074951172,0.678466797,7.934570313,14.73999023,11.68823242,-38.04993704,37.58020643,-41.78142552,9.019,16.15487817,75.6351675
12:08:36 PM,-0.755859375,-0.115234375,0.615234375,-2.899169922,1.525878906,8.941650391,-40.01495726,36.32153922,-44.728663,9.019,16.15487817,75.6351675
12:08:36 PM,0.096923828,0.355712891,1.525146484,-0.122070313,-9.368896484,15.3503418,-38.22857524,35.60230082,-43.34172772,9.019,16.15487817,75.6351675
12:08:36 PM,-0.160888672,-0.234863281,0.517333984,-10.49804688,-13.70239258,10.40649414,-38.58585165,33.44458562,-44.03519536,9.019,16.15487817,75.6351675
12:08:36 PM,0.248291016,-0.447509766,0.696777344,-11.0168457,9.124755859,14.55688477,-38.94312805,33.44458562,-42.99499389,9.019,16.15487817,75.6351675
12:08:36 PM,0.376953125,0.052734375,0.945800781,-21.45385742,18.03588867,9.948730469,-38.94312805,33.44458562,-42.30152625,9.019,16.15487817,75.6351675
12:08:36 PM,-0.404541016,0.571533203,1.286376953,-11.04736328,6.164550781,12.9699707,-38.22857524,33.44458562,-40.56785714,9.019,16.15487817,75.6351675
12:08:36 PM,-0.142822266,0.403808594,0.971435547,-15.28930664,-7.843017578,11.59667969,-38.04993704,33.98401442,-40.39449023,9.019,16.15487817,75.6351675
12:08:36 PM,-0.004638672,-0.509521484,0.729248047,-10.0402832,-8.239746094,10.22338867,-38.22857524,36.68115842,-40.56785714,9.019,16.15487817,75.6351675
12:08:36 PM,0.438964844,-0.665771484,1.083740234,0.091552734,8.514404297,8.911132813,-37.87129884,35.96192002,-37.44725275,9.019,16.15487817,75.6351675
12:08:36 PM,-0.343505859,0.1171875,0.9765625,-10.86425781,1.861572266,6.774902344,-38.58585165,36.68115842,-39.18092186,9.019,16.15487817,75.6351675
12:08:36 PM,-0.115478516,0.436523438,1.536621094,-16.08276367,-2.746582031,0.823974609,-40.19359547,39.73792163,-41.08795788,9.019,16.15487817,75.6351675
12:08:36 PM,0.216796875,0.248291016,0.883544922,-9.643554688,-5.065917969,2.868652344,-39.47904266,40.81677923,-42.47489316,9.019,16.15487817,75.6351675
12:08:36 PM,-0.353515625,-0.055419922,0.981201172,2.838134766,-0.305175781,8.270263672,-37.33538423,39.01868323,-44.20856227,9.019,16.15487817,75.6351675
12:08:36 PM,-0.879882813,-0.101318359,1.095214844,-6.042480469,-7.476806641,2.899169922,-37.51402244,38.47925443,-46.80906593,9.019,16.15487817,75.6351675
12:08:36 PM,0.104492188,0.169433594,1.430664063,-3.326416016,3.082275391,10.95581055,-38.40721345,36.50134882,-49.75630342,9.019,16.15487817,75.6351675
12:08:36 PM,0.087890625,-0.395019531,0.565917969,-0.061035156,2.227783203,6.774902344,-36.62083143,35.78211042,-51.83670635,9.019,16.15487817,75.6351675
12:08:36 PM,0.095703125,-0.084228516,0.757080078,1.495361328,-9.735107422,8.758544922,-36.79946963,33.80420482,-52.35680708,9.019,16.15487817,75.6351675
12:08:36 PM,0.489746094,-0.039306641,0.929931641,6.134033203,0.48828125,9.918212891,-36.79946963,33.80420482,-52.35680708,9.019,16.15487817,75.6351675
12:08:36 PM,-0.787109375,-0.244140625,0.536865234,-13.54980469,8.178710938,0.244140625,-36.79946963,33.80420482,-52.35680708,9.019,16.15487817,75.6351675
12:08:36 PM,0.389160156,-0.028564453,0.918457031,13.51928711,3.540039063,2.716064453,-37.69266064,28.23010722,-53.91710928,9.019,16.15487817,75.6351675
12:08:36 PM,-0.30859375,-0.228027344,1.075927734,5.493164063,4.455566406,-2.349853516,-37.15674603,25.89258242,-50.62313797,9.019,16.15487817,75.6351675
12:08:36 PM,-0.849609375,0.077880859,1.830078125,29.84619141,-1.312255859,9.124755859,-37.33538423,24.27429602,-47.67590049,9.019,16.15487817,75.6351675
12:08:36 PM,-1.040527344,0.5546875,2.724853516,4.119873047,-17.60864258,-1.403808594,-37.51402244,26.61182082,-44.728663,9.019,16.15487817,75.6351675
12:08:36 PM,0.294189453,-0.018310547,0.206298828,-6.713867188,-5.462646484,-0.48828125,-38.58585165,28.40991682,-41.60805861,9.019,16.15487817,75.6351675
12:08:36 PM,1.406005859,-0.599365234,-1.250488281,2.380371094,23.59008789,-0.854492188,-39.47904266,28.94934562,-40.39449023,9.019,16.15487817,75.6351675
12:08:36 PM,-0.572753906,-0.455078125,0.840332031,12.26806641,22.85766602,0.579833984,-38.04993704,31.82629922,-38.66082112,9.019,16.15487817,75.6351675
12:08:36 PM,-0.696777344,0.252929688,2.167724609,-7.141113281,-1.525878906,-2.502441406,-37.69266064,32.90515682,-36.58041819,9.019,16.15487817,75.6351675
12:08:36 PM,0.028076172,-0.207275391,1.615722656,-7.263183594,-18.15795898,-0.793457031,-37.69266064,33.62439522,-37.96735348,9.019,16.15487817,75.6351675
12:08:36 PM,-0.5546875,0.183105469,2.02734375,-8.697509766,-11.68823242,2.593994141,-38.40721345,34.70325282,-37.96735348,9.019,16.15487817,75.6351675
12:08:36 PM,0.540283203,0.557861328,-0.227539063,0.732421875,7.110595703,6.774902344,-37.33538423,36.86096803,-39.35428877,9.019,16.15487817,75.6351675
12:08:36 PM,0.099609375,-0.011962891,0.661132813,14.9230957,10.22338867,6.072998047,-38.22857524,34.88306242,-39.18092186,9.019,16.15487817,75.6351675
12:08:36 PM,0.010742188,-0.681396484,0.575439453,3.051757813,0.701904297,-11.59667969,-38.58585165,35.24268162,-40.91459096,9.019,16.15487817,75.6351675
12:08:36 PM,-0.156982422,0.218017578,1.180419922,-4.821777344,6.256103516,-8.178710938,-39.65768086,34.16382402,-40.91459096,9.019,16.15487817,75.6351675
12:08:36 PM,0.606201172,0.543945313,0.10546875,-1.861572266,1.342773438,1.739501953,-38.94312805,33.80420482,-40.56785714,9.019,16.15487817,75.6351675
12:08:36 PM,-0.188476563,0.008056641,0.625488281,-7.446289063,-2.960205078,-4.241943359,-40.19359547,34.34363362,-40.74122405,9.019,16.15487817,75.6351675
12:08:36 PM,-0.221435547,-0.032226563,1.724365234,11.62719727,10.7421875,4.425048828,-39.47904266,36.14172962,-39.70102259,9.019,16.15487817,75.6351675
12:08:36 PM,0.135009766,0.077880859,1.821044922,6.469726563,14.06860352,4.699707031,-39.30040446,35.24268162,-42.99499389,9.019,16.15487817,75.6351675
12:08:36 PM,-0.310791016,0.364013672,2.361572266,-8.453369141,-1.403808594,6.103515625,-38.76448985,34.70325282,-42.47489316,9.019,16.15487817,75.6351675
12:08:36 PM,-0.830322266,-0.029785156,1.342041016,0.061035156,-9.796142578,12.72583008,-36.62083143,32.90515682,-43.16836081,9.019,16.15487817,75.6351675
12:08:36 PM,0.0625,0.780273438,0.417724609,-15.71655273,3.143310547,1.434326172,-38.40721345,32.90515682,-43.16836081,9.019,16.15487817,75.6351675
12:08:36 PM,1.005371094,-0.112304688,1.029785156,13.82446289,13.73291016,12.81738281,-37.69266064,32.54553762,-42.47489316,9.019,16.15487817,75.6351675
12:08:36 PM,-0.333496094,-0.654785156,0.515869141,10.95581055,-6.072998047,0.915527344,-38.04993704,32.18591842,-42.12815934,9.019,16.15487817,75.6351675
12:08:36 PM,-0.174316406,0.020996094,0.828369141,15.50292969,0.9765625,14.16015625,-38.04993704,33.26477602,-42.47489316,9.019,16.15487817,75.6351675
12:08:36 PM,-0.432373047,0.230712891,1.187744141,2.319335938,-0.762939453,5.615234375,-38.94312805,32.00610882,-40.91459096,9.019,16.15487817,75.6351675
12:08:36 PM,0.644042969,-0.301269531,1.069580078,9.826660156,3.753662109,0.396728516,-38.76448985,31.46668002,-40.74122405,9.019,16.15487817,75.6351675
12:08:36 PM,0.754638672,-0.376953125,0.743408203,1.007080078,3.723144531,4.058837891,-39.30040446,35.60230082,-38.83418803,9.019,16.15487817,75.6351675
12:08:36 PM,-0.099365234,0.115234375,0.535888672,-4.699707031,-0.305175781,-2.532958984,-38.22857524,35.24268162,-39.18092186,9.019,16.15487817,75.6351675
12:08:36 PM,-0.436279297,-0.009521484,1.234375,2.655029297,-3.875732422,0.152587891,-38.94312805,37.40039683,-40.56785714,9.526,16.154878,75.635122
12:08:36 PM,-0.003417969,0.020019531,0.859130859,-16.38793945,1.312255859,-7.995605469,-37.51402244,39.19849283,-41.60805861,9.526,16.154878,75.635122
12:08:36 PM,0.257324219,0.226806641,0.609130859,-9.094238281,8.483886719,-5.004882813,-38.04993704,39.37830243,-44.90202991,9.526,16.154878,75.635122
12:08:36 PM,0.152587891,0.087646484,0.680908203,8.453369141,4.669189453,2.838134766,-38.04993704,38.65906403,-44.90202991,9.526,16.154878,75.635122
12:08:36 PM,-0.833984375,-0.358642578,1.322509766,-6.072998047,-8.544921875,-1.739501953,-38.58585165,37.04077763,-47.8492674,9.526,16.154878,75.635122
12:08:36 PM,0.572509766,0.095214844,0.589111328,-18.52416992,4.425048828,-1.159667969,-36.97810783,35.78211042,-51.14323871,9.526,16.154878,75.635122
12:08:36 PM,0.567626953,-0.24609375,0.076904297,12.51220703,21.36230469,9.826660156,-37.51402244,34.16382402,-50.96987179,9.526,16.154878,75.635122
12:08:36 PM,-1.045166016,-0.253173828,1.667236328,18.34106445,-9.124755859,0.183105469,-37.51402244,29.48877442,-53.74374237,9.526,16.154878,75.635122
12:08:36 PM,-0.982421875,0.005615234,2.320800781,-17.21191406,-6.896972656,-1.159667969,-36.44219322,29.84839362,-54.09047619,9.526,16.154878,75.635122
12:08:36 PM,0.285888672,0.176269531,1.209228516,-8.422851563,4.211425781,7.934570313,-36.26355502,25.35315362,-53.22364164,9.526,16.154878,75.635122
12:08:36 PM,1.381347656,0.007568359,-0.475097656,-0.762939453,-1.312255859,4.730224609,-38.04993704,23.91467682,-50.44977106,9.526,16.154878,75.635122
12:08:36 PM,0.355712891,-0.213134766,-0.071289063,10.31494141,11.56616211,5.737304688,-38.04993704,26.07239202,-46.63569902,9.526,16.154878,75.635122
12:08:36 PM,-0.747070313,-0.020019531,0.656005859,1.159667969,-1.434326172,-8.7890625,-38.22857524,26.97144002,-44.03519536,9.526,16.154878,75.635122
12:08:36 PM,-0.019042969,0.690917969,2.142578125,-27.37426758,6.988525391,-8.697509766,-37.69266064,27.87048802,-42.12815934,9.526,16.154878,75.635122
12:08:36 PM,-0.088867188,0.133544922,1.3203125,9.918212891,-10.13183594,4.608154297,-39.12176625,30.38782242,-39.70102259,9.526,16.154878,75.635122
12:08:36 PM,-0.350585938,0,0.679199219,-3.021240234,-15.07568359,-0.915527344,-38.94312805,30.92725122,-37.79398657,9.526,16.154878,75.635122
12:08:36 PM,-0.155517578,0.292724609,1.051269531,10.34545898,-0.9765625,7.843017578,-38.40721345,33.26477602,-36.23368437,9.526,16.154878,75.635122
12:08:36 PM,-0.795898438,-0.442138672,1.153808594,-10.86425781,6.500244141,0.946044922,-38.40721345,33.62439522,-39.00755495,9.526,16.154878,75.635122
12:08:36 PM,0.481689453,0.460449219,1.079345703,-2.9296875,13.76342773,11.77978516,-38.04993704,36.14172962,-38.3140873,9.526,16.154878,75.635122
12:08:36 PM,-0.313720703,0.168945313,0.616943359,4.699707031,-7.141113281,6.988525391,-38.40721345,35.06287202,-41.4346917,9.526,16.154878,75.635122
12:08:36 PM,-0.49609375,0.268798828,1.139160156,-9.185791016,-14.3737793,1.861572266,-37.51402244,35.60230082,-39.52765568,9.526,16.154878,75.635122
12:08:36 PM,0.559326172,-0.674072266,0.453857422,6.927490234,10.00976563,16.11328125,-38.04993704,34.70325282,-39.35428877,9.526,16.154878,75.635122
12:08:36 PM,-0.475830078,0.393554688,0.413085938,2.807617188,2.166748047,6.225585938,-39.30040446,32.36572802,-40.56785714,9.526,16.154878,75.635122
12:08:36 PM,-0.221923828,0.433837891,1.069824219,8.819580078,-1.037597656,12.93945313,-39.30040446,32.36572802,-40.56785714,9.526,16.154878,75.635122
12:08:36 PM,-0.224121094,-0.124511719,1.557128906,-8.850097656,-2.746582031,1.647949219,-37.69266064,32.18591842,-39.70102259,9.526,16.154878,75.635122
12:08:37 PM,-0.404052734,-0.294433594,0.325927734,3.753662109,-0.762939453,9.796142578,-37.51402244,34.16382402,-39.8743895,9.526,16.154878,75.635122
12:08:37 PM,0.446289063,0.280273438,0.589599609,-3.204345703,24.96337891,11.81030273,-39.65768086,34.88306242,-40.56785714,9.526,16.154878,75.635122
12:08:37 PM,-0.3984375,0.270996094,1.431152344,24.56665039,1.373291016,9.033203125,-37.15674603,34.52344322,-42.64826007,9.526,16.154878,75.635122
12:08:37 PM,-0.207275391,0.323486328,1.525390625,-3.509521484,-11.13891602,2.105712891,-38.94312805,32.00610882,-43.68846154,9.526,16.154878,75.635122
12:08:37 PM,-0.510986328,-0.526123047,1.687255859,1.739501953,-1.403808594,8.575439453,-37.51402244,33.08496642,-43.34172772,9.526,16.154878,75.635122
12:08:37 PM,-0.166748047,0.179931641,0.767089844,4.333496094,-4.364013672,9.460449219,-38.40721345,31.46668002,-44.20856227,9.526,16.154878,75.635122
12:08:37 PM,0.001708984,0.20703125,1.809326172,-5.157470703,-1.831054688,8.575439453,-38.22857524,29.84839362,-42.64826007,9.526,16.154878,75.635122
12:08:37 PM,-0.412841797,0.112304688,0.584960938,-11.35253906,-2.105712891,1.892089844,-37.33538423,31.46668002,-42.12815934,9.526,16.154878,75.635122
12:08:37 PM,0.543457031,0.061035156,0.709472656,23.7121582,8.697509766,14.16015625,-38.58585165,32.00610882,-39.8743895,9.526,16.154878,75.635122
12:08:37 PM,-0.530029297,-0.035400391,1.148193359,10.77270508,-6.34765625,4.516601563,-37.15674603,32.72534722,-39.52765568,9.526,16.154878,75.635122
12:08:37 PM,-0.934814453,0.215087891,2.084716797,-11.29150391,-12.54272461,3.601074219,-38.04993704,32.54553762,-39.00755495,9.526,16.154878,75.635122
12:08:37 PM,0.178955078,0.418457031,0.69140625,-5.432128906,-3.448486328,6.958007813,-38.76448985,33.62439522,-38.3140873,9.526,16.154878,75.635122
12:08:37 PM,0.235839844,-0.080566406,0.341064453,4.913330078,14.86206055,9.307861328,-39.12176625,36.14172962,-39.70102259,9.526,16.154878,75.635122
12:08:37 PM,-0.169921875,-0.358886719,0.796630859,11.13891602,1.312255859,6.622314453,-37.15674603,37.76001603,-40.91459096,9.526,16.154878,75.635122
12:08:37 PM,-0.6171875,0.131347656,1.297851563,-1.983642578,2.624511719,9.552001953,-39.12176625,37.93982563,-42.12815934,9.526,16.154878,75.635122
12:08:37 PM,0.321044922,-0.032470703,0.700683594,-11.29150391,-2.899169922,0,-37.87129884,36.68115842,-46.11559829,9.526,16.154878,75.635122
12:08:37 PM,0.270019531,-0.40234375,0.523925781,17.12036133,4.852294922,13.88549805,-37.33538423,35.42249122,-47.67590049,9.526,16.154878,75.635122
12:08:37 PM,-1.146484375,0.074462891,1.184814453,-9.063720703,5.523681641,4.150390625,-37.15674603,34.88306242,-52.35680708,9.526,16.154878,75.635122
12:08:37 PM,0.689941406,0.303710938,1.464599609,13.85498047,1.251220703,10.7421875,-37.33538423,31.82629922,-51.83670635,9.526,16.154878,75.635122
12:08:37 PM,-0.673828125,-0.310058594,0.487304688,3.021240234,3.784179688,5.645751953,-35.72764042,28.40991682,-53.74374237,9.526,16.154878,75.635122
12:08:37 PM,0.033203125,-0.302490234,1.078613281,13.58032227,8.331298828,11.50512695,-37.51402244,25.53296322,-53.05027473,9.526,16.154878,75.635122
12:08:37 PM,0.091552734,0.271484375,1.516845703,-6.561279297,-6.408691406,5.493164063,-37.87129884,23.73486722,-51.31660562,9.526,16.154878,75.635122
12:08:37 PM,-0.80078125,0.536865234,0.774169922,-0.213623047,-2.136230469,6.317138672,-36.44219322,23.73486722,-48.88946886,9.526,16.154878,75.635122
12:08:37 PM,0.2265625,-0.403076172,0.957275391,19.19555664,3.509521484,5.767822266,-38.04993704,23.91467682,-46.63569902,9.526,16.154878,75.635122
12:08:37 PM,-0.714355469,-0.829589844,1.484863281,5.584716797,-2.410888672,0.152587891,-39.30040446,24.81372482,-41.95479243,9.526,16.154878,75.635122
12:08:37 PM,-0.202636719,0.346435547,1.229248047,10.80322266,-6.927490234,11.0168457,-38.04993704,26.43201122,-40.74122405,9.526,16.154878,75.635122
12:08:37 PM,0.494384766,0.486816406,0.468505859,-2.349853516,4.486083984,10.52856445,-38.22857524,28.05029762,-37.79398657,9.526,16.154878,75.635122
12:08:37 PM,-0.677734375,-0.055419922,0.577392578,16.66259766,4.180908203,12.26806641,-40.55087187,30.02820322,-38.3140873,9.526,16.154878,75.635122
12:08:37 PM,0.402099609,-0.169433594,0.806640625,11.4440918,-1.007080078,5.096435547,-37.69266064,32.54553762,-36.58041819,9.526,16.154878,75.635122
12:08:37 PM,0.290039063,-0.397460938,0.638671875,4.577636719,8.178710938,7.598876953,-38.22857524,33.80420482,-37.10051893,9.526,16.154878,75.635122
12:08:37 PM,-0.182373047,-0.260009766,0.544921875,1.953125,6.683349609,7.843017578,-37.87129884,33.08496642,-37.44725275,9.526,16.154878,75.635122
12:08:37 PM,-0.223876953,0.554199219,1.153808594,8.697509766,0.579833984,10.25390625,-37.33538423,33.62439522,-39.70102259,9.526,16.154878,75.635122
12:08:37 PM,-0.697265625,0.393798828,1.419433594,1.556396484,-2.807617188,3.082275391,-37.69266064,33.98401442,-40.04775641,9.526,16.154878,75.635122
12:08:37 PM,-0.004638672,-0.405761719,1.703857422,9.399414063,-8.728027344,1.434326172,-38.40721345,32.54553762,-40.74122405,9.526,16.154878,75.635122
12:08:37 PM,-0.26171875,-0.345214844,0.797851563,12.93945313,8.850097656,9.094238281,-38.04993704,32.54553762,-40.74122405,9.526,16.154878,75.635122
12:08:37 PM,-0.266113281,0.476806641,1.226074219,4.272460938,9.155273438,2.197265625,-39.12176625,32.90515682,-39.70102259,9.526,16.154878,75.635122
12:08:37 PM,-0.292724609,0.028320313,1.186279297,4.364013672,-6.805419922,-0.762939453,-38.40721345,34.70325282,-39.00755495,9.526,16.154878,75.635122
12:08:37 PM,0.814941406,0.034179688,0.906494141,-4.852294922,11.10839844,0.061035156,-37.69266064,33.98401442,-41.4346917,9.526,16.154878,75.635122
12:08:37 PM,0.886962891,-0.533691406,0.645019531,28.38134766,2.990722656,10.58959961,-36.97810783,32.54553762,-42.82162698,9.526,16.154878,75.635122
12:08:37 PM,-0.990234375,0.053955078,1.475585938,-7.080078125,-4.455566406,-4.455566406,-36.97810783,32.54553762,-43.16836081,9.526,16.154878,75.635122
12:08:37 PM,-0.231445313,0.211669922,0.960449219,-8.117675781,-4.425048828,-0.427246094,-36.62083143,31.82629922,-43.51509463,9.526,16.154878,75.635122
12:08:37 PM,0.830566406,-0.073974609,0.385009766,-0.579833984,6.805419922,1.281738281,-37.51402244,30.20801282,-42.64826007,9.526,16.154878,75.635122
12:08:37 PM,-0.596923828,0.161865234,0.542236328,23.7121582,10.7421875,13.36669922,-36.97810783,29.66858402,-42.47489316,9.526,16.154878,75.635122
12:08:37 PM,-0.272460938,0.377441406,1.546875,18.18847656,-12.02392578,8.087158203,-36.44219322,29.48877442,-42.30152625,9.526,16.154878,75.635122
12:08:37 PM,-0.507324219,-0.520263672,0.863525391,-7.995605469,7.019042969,1.617431641,-38.04993704,31.46668002,-39.70102259,9.526,16.154878,75.635122
12:08:37 PM,0.628662109,-0.802978516,0.360107422,5.249023438,10.55908203,11.93237305,-38.58585165,30.20801282,-39.8743895,9.526,16.154878,75.635122
12:08:37 PM,0.342773438,0.515380859,0.950195313,3.601074219,1.708984375,7.354736328,-36.26355502,32.54553762,-38.66082112,9.526,16.154878,75.635122
12:08:37 PM,-0.938232422,0.057617188,1.237792969,12.35961914,-5.37109375,8.30078125,-38.76448985,33.98401442,-38.3140873,9.526,16.154878,75.635122
12:08:37 PM,0.250976563,-0.284912109,1.336181641,2.716064453,-0.915527344,2.197265625,-38.04993704,36.14172962,-39.00755495,9.526,16.154878,75.635122
12:08:37 PM,-0.245849609,-0.196533203,0.823486328,19.71435547,13.18359375,9.796142578,-38.40721345,37.22058723,-40.74122405,9.526,16.154878,75.635122
12:08:37 PM,-0.03515625,0.1875,1.192626953,5.767822266,-1.922607422,1.098632813,-38.40721345,36.50134882,-43.51509463,9.526,16.154878,75.635122
12:08:37 PM,0.634521484,0.289794922,1.452148438,5.554199219,-9.521484375,3.479003906,-38.40721345,36.50134882,-43.51509463,9.526,16.154878,75.635122
12:08:37 PM,-0.551757813,-0.345947266,0.449462891,-11.16943359,1.068115234,0.762939453,-38.04993704,36.14172962,-46.2889652,9.526,16.154878,75.635122
12:08:37 PM,0.197021484,-0.101074219,0.657714844,21.54541016,3.601074219,7.629394531,-38.04993704,35.06287202,-48.71610195,9.526,16.154878,75.635122
12:08:37 PM,-0.360595703,0.125732422,1.204589844,11.77978516,4.119873047,6.34765625,-37.15674603,32.36572802,-50.96987179,9.526,16.154878,75.635122
12:08:37 PM,-0.430419922,0.197509766,1.180175781,4.211425781,-13.15307617,0.610351563,-35.19172581,27.87048802,-51.83670635,9.526,16.154878,75.635122
12:08:37 PM,0.0859375,0.243652344,0.810302734,1.373291016,0.152587891,4.730224609,-36.62083143,26.79163042,-53.22364164,9.526,16.154878,75.635122
12:08:37 PM,-0.321777344,-0.305908203,0.79296875,10.0402832,6.103515625,4.333496094,-37.51402244,24.81372482,-52.7035409,9.526,16.154878,75.635122
12:08:37 PM,-0.041015625,-0.174316406,1.429443359,28.80859375,-5.554199219,10.07080078,-38.58585165,23.37524802,-50.96987179,9.526,16.154878,75.635122
12:08:37 PM,-0.353271484,0.581298828,1.133789063,-5.554199219,5.859375,2.593994141,-38.04993704,22.47620002,-48.36936813,9.526,16.154878,75.635122
12:08:37 PM,0.141845703,-0.768310547,0.751464844,7.8125,3.753662109,3.936767578,-37.15674603,24.09448642,-46.46233211,9.526,16.154878,75.635122
12:08:37 PM,0.018310547,-0.049072266,1.093017578,2.716064453,-4.547119141,6.561279297,-38.04993704,23.55505762,-41.78142552,9.526,16.154878,75.635122
12:08:37 PM,-1.047607422,0.223388672,1.327636719,1.434326172,-0.793457031,10.40649414,-37.51402244,26.25220162,-40.56785714,9.526,16.154878,75.635122
12:08:37 PM,0.353515625,0.623779297,0.968994141,8.30078125,7.476806641,5.310058594,-37.33538423,27.87048802,-39.00755495,9.526,16.154878,75.635122
12:08:37 PM,0.003417969,-0.473388672,0.565185547,13.88549805,12.48168945,6.591796875,-39.47904266,30.02820322,-37.62061966,9.526,16.154878,75.635122
12:08:37 PM,-0.258544922,-0.415039063,0.811523438,-1.190185547,2.655029297,6.042480469,-38.58585165,32.36572802,-38.14072039,9.526,16.154878,75.635122
12:08:37 PM,0.477294922,0.177246094,0.599365234,12.11547852,-0.244140625,11.13891602,-38.40721345,32.54553762,-38.3140873,9.526,16.154878,75.635122
12:08:37 PM,-0.439941406,-0.207519531,0.665039063,5.249023438,3.997802734,5.828857422,-39.12176625,32.54553762,-37.96735348,9.526,16.154878,75.635122
12:08:37 PM,0.047607422,-0.171630859,1.606933594,22.82714844,7.171630859,5.676269531,-38.58585165,34.52344322,-40.22112332,9.526,16.154878,75.635122
12:08:37 PM,-0.614746094,0.587646484,1.256835938,8.544921875,-1.739501953,6.927490234,-38.58585165,32.00610882,-40.56785714,9.526,16.154878,75.635122
12:08:37 PM,0.068359375,-0.032714844,0.977539063,-2.258300781,-0.579833984,-1.159667969,-37.33538423,32.18591842,-41.78142552,9.526,16.154878,75.635122
12:08:37 PM,0.40234375,-0.543212891,0.857421875,24.32250977,5.615234375,11.32202148,-38.22857524,31.28687042,-39.18092186,9.526,16.154878,75.635122
12:08:37 PM,-0.890869141,0.095214844,0.907470703,10.58959961,1.983642578,5.798339844,-39.12176625,32.18591842,-40.74122405,9.526,16.154878,75.635122
12:08:37 PM,0.267822266,0.475830078,1.524414063,15.74707031,0.610351563,0.518798828,-37.87129884,32.36572802,-40.56785714,9.526,16.154878,75.635122
12:08:37 PM,-0.446289063,0.149414063,0.6953125,12.08496094,6.164550781,4.547119141,-38.58585165,32.72534722,-42.64826007,9.526,16.154878,75.635122
12:08:37 PM,-0.270507813,-0.336669922,1.478027344,10.19287109,-2.075195313,-1.678466797,-38.76448985,31.46668002,-43.86182845,9.906,16.15487567,75.63507417
12:08:37 PM,-0.028808594,0.378662109,0.969482422,4.608154297,-6.744384766,5.859375,-37.69266064,30.74744162,-43.16836081,9.906,16.15487567,75.63507417
12:08:37 PM,-0.51171875,0.289794922,0.394042969,-3.723144531,3.326416016,0.152587891,-37.33538423,28.94934562,-44.55529609,9.906,16.15487567,75.63507417
12:08:37 PM,0.169921875,0.038085938,0.706542969,23.34594727,5.279541016,3.143310547,-37.15674603,28.05029762,-42.30152625,9.906,16.15487567,75.63507417
12:08:37 PM,-0.843505859,0.178710938,1.261962891,13.18359375,-3.662109375,5.859375,-39.12176625,27.87048802,-43.16836081,9.906,16.15487567,75.63507417
12:08:37 PM,0.111572266,-0.005615234,1.296875,17.15087891,-2.593994141,3.875732422,-39.30040446,28.40991682,-41.26132479,9.906,16.15487567,75.63507417
12:08:37 PM,0.426025391,-0.171142578,0.33203125,3.90625,9.399414063,10.28442383,-38.94312805,30.56763202,-40.56785714,9.906,16.15487567,75.63507417
12:08:37 PM,-0.791992188,-0.099609375,0.971923828,8.270263672,-7.507324219,1.159667969,-37.69266064,30.38782242,-39.70102259,9.906,16.15487567,75.63507417
12:08:37 PM,-0.536376953,0.857177734,1.578613281,-12.93945313,6.683349609,-1.495361328,-38.04993704,31.82629922,-38.66082112,9.906,16.15487567,75.63507417
12:08:37 PM,0.385009766,0.186279297,0.915039063,7.110595703,-1.220703125,5.981445313,-38.58585165,34.16382402,-38.83418803,9.906,16.15487567,75.63507417
12:08:37 PM,-0.01171875,-0.2890625,0.647949219,14.70947266,-9.490966797,2.716064453,-38.40721345,34.34363362,-40.39449023,9.906,16.15487567,75.63507417
12:08:37 PM,-0.608398438,0.006347656,0.93359375,16.81518555,3.662109375,10.62011719,-38.58585165,35.24268162,-42.64826007,9.906,16.15487567,75.63507417
12:08:37 PM,-0.239257813,0.339599609,1.256835938,-0.030517578,-0.030517578,1.159667969,-39.12176625,34.70325282,-46.2889652,9.906,16.15487567,75.63507417
12:08:37 PM,0.356689453,-0.318359375,0.427246094,-0.701904297,3.723144531,-2.349853516,-37.51402244,33.80420482,-49.23620269,9.906,16.15487567,75.63507417
12:08:37 PM,0.034423828,-0.174072266,0.841308594,8.331298828,5.676269531,4.364013672,-38.04993704,31.10706082,-51.14323871,9.906,16.15487567,75.63507417
12:08:37 PM,0.200927734,0.301757813,1.206054688,6.469726563,-5.340576172,0.427246094,-38.22857524,29.12915522,-53.05027473,9.906,16.15487567,75.63507417
12:08:37 PM,-0.447753906,-0.141357422,0.489501953,0.793457031,0.122070313,0.946044922,-37.69266064,26.43201122,-54.95731074,9.906,16.15487567,75.63507417
12:08:37 PM,-0.013671875,-0.032714844,1.135742188,10.07080078,-2.655029297,-0.549316406,-37.15674603,25.17334402,-54.43721001,9.906,16.15487567,75.63507417
12:08:37 PM,0.335205078,0.084228516,1.280761719,9.826660156,6.744384766,-0.183105469,-37.15674603,21.93677121,-54.09047619,9.906,16.15487567,75.63507417
12:08:37 PM,-0.486816406,0.223144531,0.963867188,-7.904052734,4.302978516,-3.570556641,-36.79946963,22.29639042,-50.62313797,9.906,16.15487567,75.63507417
12:08:37 PM,0.438232422,-0.325195313,1.110107422,3.112792969,3.784179688,0.213623047,-40.72951007,21.93677121,-46.11559829,9.906,16.15487567,75.63507417
12:08:37 PM,-0.326416016,-0.140136719,0.553955078,7.904052734,-7.141113281,-3.509521484,-37.69266064,23.55505762,-45.94223138,9.906,16.15487567,75.63507417
12:08:37 PM,-0.004638672,-0.020996094,0.861816406,4.638671875,0.305175781,-5.584716797,-39.12176625,25.71277282,-41.4346917,9.906,16.15487567,75.63507417
12:08:37 PM,0.582275391,-0.091308594,1.446044922,1.007080078,6.774902344,-5.737304688,-39.12176625,27.15124962,-39.70102259,9.906,16.15487567,75.63507417
12:08:37 PM,-0.360595703,0.172851563,0.971435547,12.17651367,-4.150390625,0.701904297,-39.12176625,28.94934562,-40.04775641,9.906,16.15487567,75.63507417
