11:38:09,-0.351318359,0.380859375,1.148681641,-5.401611328,-11.93237305,16.44897461,21.07930784,58.25831044,-49.58293651,6.693,16.15632233,75.6752585
11:38:09,-0.025634766,-0.219482422,0.742919922,12.4206543,-11.77978516,4.211425781,19.65020223,56.81983364,-52.01007326,6.693,16.15632233,75.6752585
11:38:09,-1.867675781,-0.014160156,4.1171875,13.54980469,-36.62109375,-1.525878906,19.82884043,54.12268964,-52.87690781,6.693,16.15632233,75.6752585
11:38:09,-1.293212891,0.383544922,2.190917969,-3.90625,-21.02661133,8.270263672,21.61522245,52.32459364,-53.57037546,6.693,16.15632233,75.6752585
11:38:09,-0.856933594,0.189208984,3.051757813,-9.063720703,-10.7421875,4.058837891,20.00747863,52.86402244,-51.66333944,6.693,16.15632233,75.6752585
11:38:09,-0.065185547,-0.58984375,1.651855469,3.41796875,-35.18676758,-12.11547852,20.72203144,47.82935363,-53.05027473,6.693,16.15632233,75.6752585
11:38:09,1.787841797,0.456787109,-1.432861328,-22.85766602,-32.47070313,-14.03808594,20.18611683,47.28992483,-49.06283578,6.693,16.15632233,75.6752585
11:38:09,2.475341797,0.264892578,-3.340820313,5.401611328,-17.45605469,2.319335938,18.22109661,43.87354243,-48.88946886,6.693,16.15632233,75.6752585
11:38:09,1.327392578,-0.547607422,-1.676513672,-8.117675781,-0.213623047,-5.157470703,20.36475504,46.75049603,-45.07539683,6.693,16.15632233,75.6752585
11:38:09,0.712890625,-0.382080078,0.727050781,-5.554199219,1.281738281,4.699707031,18.57837302,47.46973443,-42.64826007,6.693,16.15632233,75.6752585
11:38:09,-1.127685547,0.021728516,2.738769531,7.32421875,-54.65698242,14.25170898,18.22109661,47.82935363,-39.18092186,6.693,16.15632233,75.6752585
11:38:09,0.319580078,0.578369141,-0.112792969,-6.439208984,-14.52636719,15.68603516,18.22109661,51.06592643,-39.52765568,6.693,16.15632233,75.6752585
11:38:09,0.100830078,-0.718017578,0.606201172,18.12744141,17.36450195,13.97705078,18.22109661,51.06592643,-38.48745421,6.693,16.15632233,75.6752585
11:38:09,-0.196777344,-0.710205078,2.000488281,5.096435547,14.6484375,-3.845214844,18.39973481,54.48230884,-35.88695055,6.693,16.15632233,75.6752585
11:38:09,-0.886962891,0.366943359,2.005126953,6.744384766,-13.42773438,7.019042969,18.93564942,55.02173764,-35.71358364,6.693,16.15632233,75.6752585
11:38:09,0.274169922,0.133056641,1.311279297,-3.234863281,-8.850097656,-3.845214844,17.1492674,56.46021444,-35.36684982,6.693,16.15632233,75.6752585
11:38:09,0.964599609,-0.305175781,-0.615478516,-8.178710938,4.943847656,-10.62011719,18.22109661,57.53907204,-35.36684982,6.693,16.15632233,75.6752585
11:38:09,0.424316406,-0.362792969,0.139160156,24.93286133,7.080078125,-6.408691406,19.29292582,56.46021444,-37.10051893,6.693,16.15632233,75.6752585
11:38:09,-0.460449219,0.395507813,1.648681641,5.859375,-0.9765625,-5.828857422,18.39973481,58.79773924,-35.88695055,6.693,16.15632233,75.6752585
11:38:09,-0.915283203,-0.000976563,1.620849609,-1.46484375,-9.216308594,-12.23754883,18.93564942,58.25831044,-38.48745421,6.693,16.15632233,75.6752585
11:38:09,0.637695313,-0.097900391,-0.137939453,-16.84570313,1.861572266,-24.81079102,18.57837302,56.81983364,-38.48745421,6.693,16.15632233,75.6752585
11:38:09,1.028320313,0.121582031,-1.091552734,22.43041992,26.6418457,-7.568359375,19.29292582,57.17945284,-39.52765568,6.693,16.15632233,75.6752585
11:38:09,-1.191894531,-0.401367188,2.372070313,1.892089844,11.90185547,-8.575439453,17.5065438,54.30249924,-39.18092186,6.693,16.15632233,75.6752585
11:38:09,-1.898925781,0.170654297,3.204101563,6.134033203,14.73999023,-4.272460938,20.00747863,55.02173764,-40.22112332,6.693,16.15632233,75.6752585
11:38:09,-0.42578125,0.352050781,2.997314453,-11.96289063,-3.723144531,5.401611328,18.39973481,56.99964324,-39.70102259,6.693,16.15632233,75.6752585
11:38:09,0.46484375,0.456298828,0.714355469,13.36669922,-19.65332031,7.32421875,17.3279056,59.15735844,-37.62061966,6.693,16.15632233,75.6752585
11:38:09,-0.109863281,0.009765625,0.141845703,-21.02661133,6.378173828,2.166748047,19.47156403,58.07850084,-40.04775641,6.693,16.15632233,75.6752585
11:38:09,0.433837891,0.026367188,0.089599609,-10.28442383,14.6484375,-3.051757813,18.75701122,58.79773924,-41.08795788,6.693,16.15632233,75.6752585
11:38:09,1.021484375,0.103027344,-0.093505859,-0.793457031,3.662109375,-1.129150391,18.75701122,58.79773924,-41.08795788,6.693,16.15632233,75.6752585
11:38:09,-0.017089844,-0.256347656,1.153076172,4.699707031,-1.373291016,9.643554688,20.72203144,56.81983364,-42.30152625,6.693,16.15632233,75.6752585
11:38:09,-0.321777344,0.40234375,1.047119141,-9.613037109,-18.67675781,1.342773438,19.82884043,55.56116644,-42.47489316,6.693,16.15632233,75.6752585
11:38:09,-0.215087891,0.766357422,1.008056641,-9.246826172,-3.692626953,1.770019531,19.82884043,56.64002404,-43.86182845,6.693,16.15632233,75.6752585
11:38:09,0.133300781,-0.606201172,0.451416016,-2.227783203,21.2097168,-1.739501953,19.82884043,53.04383204,-43.16836081,6.693,16.15632233,75.6752585
11:38:09,0.052246094,0.189697266,0.205078125,-0.793457031,18.67675781,6.286621094,19.11428762,55.56116644,-42.82162698,6.693,16.15632233,75.6752585
11:38:09,-0.234619141,0.501464844,0.805419922,-10.10131836,4.943847656,14.61791992,18.75701122,54.12268964,-41.08795788,6.693,16.15632233,75.6752585
11:38:09,-0.364746094,0.137939453,0.96484375,-7.415771484,-6.805419922,8.026123047,21.07930784,54.66211844,-39.18092186,6.693,16.15632233,75.6752585
11:38:09,-0.463134766,-0.153808594,0.333251953,-19.37866211,4.39453125,9.216308594,18.57837302,55.02173764,-39.18092186,6.693,16.15632233,75.6752585
11:38:09,-0.667480469,0.277099609,1.541748047,-12.54272461,24.38354492,12.93945313,19.29292582,55.38135684,-38.83418803,6.693,16.15632233,75.6752585
11:38:09,-0.983642578,0.527099609,2.569335938,-1.495361328,31.67724609,13.76342773,18.39973481,56.99964324,-39.35428877,6.693,16.15632233,75.6752585
11:38:09,-0.777099609,-0.4375,2.301513672,-3.509521484,31.46362305,18.95141602,16.61335279,58.43812004,-37.62061966,6.693,16.15632233,75.6752585
11:38:09,-0.365478516,-0.411132813,1.5390625,-10.80322266,22.12524414,17.73071289,19.29292582,56.46021444,-37.79398657,6.693,16.15632233,75.6752585
11:38:09,-0.207519531,0.452392578,1.215087891,-30.33447266,5.554199219,17.3034668,20.18611683,58.07850084,-36.23368437,6.693,16.15632233,75.6752585
11:38:09,1.229736328,0.250976563,-1.236816406,7.537841797,15.77758789,25.05493164,18.75701122,60.23621604,-38.66082112,6.693,16.15632233,75.6752585
11:38:09,0.954833984,-0.142333984,-0.341064453,4.119873047,21.11816406,23.95629883,20.54339324,59.87659684,-39.00755495,6.693,16.15632233,75.6752585
11:38:09,0.230957031,-0.440917969,1.437255859,-17.15087891,6.8359375,15.71655273,19.65020223,60.77564484,-40.22112332,6.693,16.15632233,75.6752585
11:38:09,0.524902344,-0.179199219,0.285400391,-22.09472656,4.211425781,16.96777344,17.68518201,62.75355044,-40.39449023,6.693,16.15632233,75.6752585
11:38:09,-0.222412109,0.2109375,0.584716797,-1.739501953,22.06420898,21.08764648,18.75701122,62.75355044,-40.74122405,6.693,16.15632233,75.6752585
11:38:09,0.033447266,-0.515136719,1.316162109,15.07568359,23.13232422,16.29638672,17.68518201,63.11316964,-42.82162698,6.693,16.15632233,75.6752585
11:38:09,-0.137939453,0.010253906,1.349609375,-1.251220703,15.10620117,11.10839844,18.39973481,61.31507364,-46.98243284,6.693,16.15632233,75.6752585
11:38:09,0.376464844,0.248779297,1.088623047,-14.61791992,15.31982422,15.07568359,19.65020223,61.13526404,-48.19600122,6.693,16.15632233,75.6752585
11:38:09,-0.128417969,-0.004882813,0.770996094,-9.552001953,11.56616211,8.911132813,19.11428762,58.07850084,-50.44977106,6.693,16.15632233,75.6752585
11:38:09,0.200195313,-0.543212891,0.968994141,-2.044677734,17.36450195,8.514404297,19.65020223,59.69678724,-52.7035409,6.693,16.15632233,75.6752585
11:38:09,-0.288574219,0.276123047,2.173583984,-3.662109375,8.056640625,8.087158203,19.47156403,56.28040484,-51.83670635,6.693,16.15632233,75.6752585
11:38:09,-1.093017578,0.336425781,1.809326172,7.507324219,7.202148438,12.39013672,19.11428762,54.12268964,-54.2638431,6.693,16.15632233,75.6752585
11:38:09,-0.236083984,-0.390869141,1.636230469,-3.845214844,8.605957031,4.669189453,20.36475504,52.86402244,-53.74374237,6.693,16.15632233,75.6752585
11:38:09,0.809326172,-0.103759766,0.682617188,0.366210938,1.953125,0.457763672,20.18611683,52.32459364,-52.53017399,6.693,16.15632233,75.6752585
11:38:09,0.296875,0.073730469,-0.018554688,4.760742188,0.366210938,0.579833984,18.57837302,52.14478404,-53.74374237,6.693,16.15632233,75.6752585
11:38:09,-0.362304688,-0.295410156,0.999755859,-5.432128906,5.706787109,-4.913330078,19.65020223,48.18897283,-51.31660562,6.693,16.15632233,75.6752585
11:38:09,0.411865234,-0.173828125,0.252929688,1.586914063,9.063720703,-12.81738281,19.29292582,47.82935363,-50.27640415,6.693,16.15632233,75.6752585
11:38:09,0.501220703,-0.035888672,0.261474609,10.89477539,7.690429688,-7.8125,18.04245841,49.44764003,-47.32916667,6.693,16.15632233,75.6752585
11:38:09,-0.076660156,0.068847656,0.624023438,6.652832031,7.446289063,-12.02392578,17.5065438,50.34668803,-43.68846154,6.693,16.15632233,75.6752585
11:38:09,-0.935791016,0.127197266,1.609130859,-7.476806641,5.004882813,-15.47241211,19.47156403,51.96497444,-42.12815934,6.693,16.15632233,75.6752585
11:38:09,-0.262207031,-0.281494141,1.147705078,-4.577636719,12.75634766,-8.026123047,18.75701122,52.68421284,-41.4346917,6.693,16.15632233,75.6752585
11:38:09,0.143554688,-0.058837891,1.326171875,26.55029297,4.089355469,-2.227783203,17.1492674,52.50440324,-40.22112332,6.693,16.15632233,75.6752585
11:38:09,-0.746826172,-0.093994141,1.644775391,1.953125,4.180908203,0.030517578,16.9706292,55.20154724,-38.3140873,6.693,16.15632233,75.6752585
11:38:09,-1.047363281,-0.038330078,1.312255859,10.62011719,9.246826172,3.936767578,19.47156403,56.64002404,-38.3140873,6.693,16.15632233,75.6752585
11:38:09,-0.258300781,0.672119141,2.27734375,14.80102539,7.751464844,-4.608154297,18.39973481,56.64002404,-36.58041819,6.693,16.15632233,75.6752585
11:38:09,0.246582031,-0.640136719,1.689453125,-1.525878906,-6.164550781,-7.904052734,18.75701122,58.07850084,-35.88695055,6.693,16.15632233,75.6752585
11:38:09,0.624755859,-0.513427734,-0.641113281,2.319335938,-8.605957031,-11.50512695,18.22109661,59.33716804,-37.79398657,6.693,16.15632233,75.6752585
11:38:09,0.188232422,0.166992188,0.338378906,-11.9934082,10.86425781,-9.765625,17.86382021,58.25831044,-37.44725275,6.693,16.15632233,75.6752585
11:38:09,0.129882813,0.436035156,0.783203125,15.68603516,0.671386719,-15.22827148,20.18611683,59.51697764,-39.00755495,6.982,16.156338,75.67528567
11:38:09,0.154052734,0.003173828,0.998291016,-3.875732422,-2.014160156,-21.27075195,20.18611683,59.51697764,-39.00755495,6.982,16.156338,75.67528567
11:38:09,-0.247802734,-0.153320313,0.839599609,9.674072266,-3.41796875,-6.286621094,19.65020223,59.33716804,-38.48745421,6.982,16.156338,75.67528567
11:38:09,-0.254394531,0.184326172,1.291748047,16.93725586,-1.953125,-4.638671875,18.04245841,59.87659684,-39.35428877,6.982,16.156338,75.67528567
11:38:09,0.057861328,0.156738281,1.040771484,9.704589844,9.429931641,-9.613037109,20.00747863,59.33716804,-41.95479243,6.982,16.156338,75.67528567
11:38:09,0.041015625,-0.434326172,1.103027344,-16.63208008,2.471923828,-1.892089844,19.11428762,59.87659684,-39.70102259,6.982,16.156338,75.67528567
11:38:09,-0.009033203,0.072753906,0.668701172,5.065917969,-2.990722656,4.913330078,18.22109661,57.17945284,-41.60805861,6.982,16.156338,75.67528567
11:38:09,0.112304688,0.172851563,1.038330078,-1.861572266,-0.091552734,-0.457763672,19.47156403,58.07850084,-39.35428877,6.982,16.156338,75.67528567
11:38:09,-0.372070313,-0.377685547,2.118896484,-12.29858398,-2.563476563,-0.946044922,18.57837302,57.53907204,-40.56785714,6.982,16.156338,75.67528567
11:38:09,-0.752929688,0.544433594,1.517578125,-8.117675781,-5.035400391,-9.429931641,18.93564942,58.61792964,-38.83418803,6.982,16.156338,75.67528567
11:38:09,-0.540527344,0.017333984,1.707763672,-0.671386719,-8.453369141,-3.143310547,19.11428762,59.51697764,-41.08795788,6.982,16.156338,75.67528567
11:38:09,-0.246337891,0.033935547,1.781494141,-21.17919922,-5.767822266,-14.61791992,19.29292582,59.33716804,-40.22112332,6.982,16.156338,75.67528567
11:38:09,0.440429688,0.375732422,0.645019531,3.540039063,-1.586914063,-2.319335938,18.39973481,59.51697764,-42.82162698,6.982,16.156338,75.67528567
11:38:09,0.468505859,0.112792969,-0.7265625,11.0168457,6.744384766,-7.965087891,19.65020223,59.69678724,-43.68846154,6.982,16.156338,75.67528567
11:38:09,0.902587891,-0.838378906,0.330810547,4.333496094,-0.48828125,-1.861572266,18.93564942,56.46021444,-43.34172772,6.982,16.156338,75.67528567
11:38:09,-0.200195313,-0.117675781,0.743408203,-11.04736328,-10.40649414,3.967285156,19.11428762,57.35926244,-43.86182845,6.982,16.156338,75.67528567
11:38:09,-0.311035156,0.688476563,0.822021484,-12.26806641,-4.39453125,-2.502441406,19.65020223,56.46021444,-42.64826007,6.982,16.156338,75.67528567
11:38:09,0.458007813,0.475341797,1.284423828,-14.34326172,-9.796142578,0.244140625,20.18611683,54.12268964,-43.86182845,6.982,16.156338,75.67528567
11:38:09,-0.478759766,-0.558349609,2.344238281,-2.014160156,-0.885009766,13.36669922,19.29292582,56.46021444,-42.64826007,6.982,16.156338,75.67528567
11:38:09,-0.713134766,0.361572266,1.796630859,-8.514404297,0.061035156,7.934570313,19.47156403,55.56116644,-42.12815934,6.982,16.156338,75.67528567
11:38:09,-0.289306641,0.628417969,1.783691406,-6.500244141,3.021240234,10.77270508,20.00747863,56.10059524,-42.30152625,6.982,16.156338,75.67528567
11:38:09,0.27734375,0.241210938,1.743652344,0.732421875,-14.86206055,20.7824707,18.22109661,57.17945284,-40.22112332,6.982,16.156338,75.67528567
11:38:09,-0.099609375,-0.242675781,0.591796875,2.502441406,-9.948730469,22.21679688,20.90066964,56.28040484,-40.39449023,6.982,16.156338,75.67528567
11:38:09,0.137207031,0.062988281,0.372558594,-23.1628418,-10.80322266,10.62011719,17.68518201,59.51697764,-38.3140873,6.982,16.156338,75.67528567
11:38:09,-0.159179688,0.392333984,0.520996094,-5.798339844,0.091552734,12.48168945,18.22109661,58.61792964,-40.22112332,6.982,16.156338,75.67528567
11:38:09,0.385009766,0.629150391,1.037353516,-17.8527832,-3.082275391,11.07788086,17.3279056,60.95545444,-37.27388584,6.982,16.156338,75.67528567
11:38:09,-0.241455078,-0.518066406,1.194580078,0.335693359,-21.88110352,10.83374023,17.5065438,62.57374084,-38.48745421,6.982,16.156338,75.67528567
11:38:09,0.069580078,0.06640625,0.019042969,-25.05493164,-8.605957031,3.387451172,19.29292582,61.85450244,-42.64826007,6.982,16.156338,75.67528567
11:38:09,0.305664063,0.231933594,0.390869141,-0.030517578,5.737304688,17.82226563,18.22109661,63.29297924,-41.95479243,6.982,16.156338,75.67528567
11:38:09,0.225830078,0.077880859,0.967041016,-8.453369141,-2.593994141,7.934570313,18.57837302,62.93336004,-42.99499389,6.982,16.156338,75.67528567
11:38:09,-0.411376953,-0.182617188,1.241699219,8.178710938,-7.537841797,19.53125,18.39973481,63.47278884,-44.90202991,6.982,16.156338,75.67528567
11:38:10,-0.604003906,-0.407958984,1.850830078,-18.70727539,-10.4675293,18.49365234,19.82884043,60.95545444,-46.98243284,6.982,16.156338,75.67528567
11:38:10,0.186767578,0.7109375,0.727539063,-15.47241211,-4.913330078,17.05932617,18.75701122,60.95545444,-49.4095696,6.982,16.156338,75.67528567
11:38:10,0.69140625,-0.103027344,0.613769531,-22.85766602,5.523681641,11.04736328,19.82884043,59.87659684,-50.79650488,6.982,16.156338,75.67528567
11:38:10,-0.690429688,-0.446533203,2.086914063,11.35253906,4.180908203,12.32910156,19.11428762,56.64002404,-53.22364164,6.982,16.156338,75.67528567
11:38:10,-0.928466797,0.708740234,2.101318359,-1.556396484,-11.77978516,28.93066406,20.00747863,56.46021444,-54.09047619,6.982,16.156338,75.67528567
11:38:10,0.089111328,0.18359375,0.609863281,-4.8828125,-14.46533203,25.97045898,19.82884043,55.20154724,-54.2638431,6.982,16.156338,75.67528567
11:38:10,0.577148438,0.205810547,-0.025878906,0.213623047,3.662109375,16.96777344,20.36475504,53.58326084,-54.09047619,6.982,16.156338,75.67528567
11:38:10,-0.134765625,-0.682128906,0.295166016,-9.216308594,4.974365234,16.84570313,19.82884043,51.60535524,-53.91710928,6.982,16.156338,75.67528567
11:38:10,-0.353271484,0.332275391,1.460693359,-21.14868164,-1.678466797,8.728027344,19.29292582,49.26783043,-54.09047619,6.982,16.156338,75.67528567
11:38:10,0.655517578,0.135986328,0.569580078,-2.868652344,-0.457763672,23.07128906,19.65020223,51.06592643,-50.96987179,6.982,16.156338,75.67528567
11:38:10,-0.422363281,-0.159179688,2.095214844,-3.540039063,-2.716064453,18.12744141,20.00747863,49.26783043,-47.15579976,6.982,16.156338,75.67528567
11:38:10,0.463623047,0.008789063,0.787109375,-8.117675781,-15.8996582,25.14648438,18.57837302,51.42554563,-47.15579976,6.982,16.156338,75.67528567
11:38:10,0.044189453,0.292236328,-0.412353516,-20.7824707,-1.983642578,23.19335938,18.57837302,52.86402244,-44.03519536,6.982,16.156338,75.67528567
11:38:10,-0.412353516,-0.90625,0.406738281,5.554199219,23.10180664,24.4140625,19.29292582,55.38135684,-42.64826007,6.982,16.156338,75.67528567
11:38:10,-0.938232422,0.726074219,1.781005859,-15.50292969,1.037597656,12.17651367,19.29292582,55.38135684,-42.64826007,6.982,16.156338,75.67528567
11:38:10,-0.442871094,0.661132813,1.684570313,-10.62011719,-10.10131836,21.66748047,19.29292582,55.38135684,-42.64826007,6.982,16.156338,75.67528567
11:38:10,0.726074219,-0.654296875,1.157958984,-0.061035156,-8.361816406,32.53173828,18.93564942,56.10059524,-39.18092186,6.982,16.156338,75.67528567
11:38:10,-0.413818359,-0.465087891,0.800537109,4.943847656,-3.845214844,26.55029297,18.57837302,58.25831044,-38.48745421,6.982,16.156338,75.67528567
11:38:10,-0.227539063,0.312988281,1.336914063,-10.4675293,6.103515625,18.37158203,17.1492674,60.77564484,-39.18092186,6.982,16.156338,75.67528567
11:38:10,0.736083984,0.0859375,1.164550781,4.150390625,-5.37109375,31.67724609,19.11428762,61.67469284,-38.66082112,6.982,16.156338,75.67528567
11:38:10,-0.126708984,-0.522216797,0.677734375,-23.4375,-15.625,19.07348633,16.9706292,62.39393124,-39.00755495,6.982,16.156338,75.67528567
11:38:10,-0.802490234,0.527587891,1.039306641,0.671386719,-5.706787109,21.88110352,17.68518201,62.39393124,-40.04775641,6.982,16.156338,75.67528567
11:38:10,-0.398925781,0.950927734,1.325195313,-13.82446289,-3.570556641,17.91381836,16.9706292,63.83240804,-39.70102259,6.982,16.156338,75.67528567
11:38:10,0.924560547,-0.720214844,-0.028320313,16.66259766,0.061035156,17.8527832,16.43471459,63.29297924,-39.8743895,6.982,16.156338,75.67528567
11:38:10,0.381591797,-0.635742188,-0.080810547,0.457763672,1.46484375,24.16992188,17.1492674,61.85450244,-41.60805861,6.982,16.156338,75.67528567
11:38:10,-0.133056641,0.518066406,0.724853516,10.98632813,16.11328125,25.45166016,17.86382021,63.29297924,-41.26132479,6.982,16.156338,75.67528567
11:38:10,-0.208984375,0.112304688,1.775878906,-8.636474609,-5.126953125,18.8293457,16.9706292,60.59583524,-43.51509463,6.982,16.156338,75.67528567
11:38:10,-1.075927734,-0.218505859,1.130859375,-19.71435547,-2.685546875,12.20703125,17.86382021,62.21412164,-40.91459096,6.982,16.156338,75.67528567
11:38:10,0.971679688,0.279296875,1.039550781,-7.720947266,3.723144531,12.11547852,18.75701122,60.59583524,-40.74122405,6.982,16.156338,75.67528567
11:38:10,0.431884766,-0.560302734,0.757324219,7.873535156,4.547119141,21.14868164,18.39973481,61.67469284,-40.74122405,6.982,16.156338,75.67528567
11:38:10,-1.037353516,-0.283203125,2.673095703,3.173828125,11.13891602,1.403808594,16.43471459,64.73145604,-40.56785714,6.982,16.156338,75.67528567
11:38:10,0.264404297,0.755371094,1.869384766,-7.965087891,-17.18139648,2.624511719,17.68518201,63.11316964,-41.78142552,6.982,16.156338,75.67528567
11:38:10,0.635986328,-0.141845703,-0.283447266,4.791259766,-15.01464844,6.286621094,18.57837302,63.65259844,-43.34172772,6.982,16.156338,75.67528567
11:38:10,0.047119141,-0.724121094,-0.465576172,19.47021484,18.21899414,-6.591796875,17.86382021,59.33716804,-44.728663,6.982,16.156338,75.67528567
11:38:10,-0.388427734,0.265380859,0.395996094,21.97265625,25.48217773,-14.22119141,18.04245841,61.67469284,-45.24876374,6.982,16.156338,75.67528567
11:38:10,-1.499511719,0.001464844,1.541015625,17.02880859,-10.31494141,-12.45117188,18.22109661,61.13526404,-44.728663,6.982,16.156338,75.67528567
11:38:10,-0.153320313,-0.099609375,1.054199219,0.335693359,2.380371094,-10.98632813,19.65020223,60.77564484,-43.68846154,6.982,16.156338,75.67528567
11:38:10,1.585449219,-0.342529297,0.263183594,18.15795898,17.15087891,-6.561279297,19.29292582,59.33716804,-42.30152625,6.982,16.156338,75.67528567
11:38:10,-0.71484375,0.11328125,1.713134766,14.73999023,-9.796142578,-15.625,17.86382021,58.61792964,-43.34172772,6.982,16.156338,75.67528567
11:38:10,-1.980712891,0.052490234,3.029541016,7.659912109,-8.575439453,-9.582519531,18.39973481,60.59583524,-43.51509463,6.982,16.156338,75.67528567
11:38:10,-0.258544922,-0.171875,2.797119141,17.79174805,3.90625,-7.080078125,16.61335279,61.31507364,-41.4346917,6.982,16.156338,75.67528567
11:38:10,0.560302734,-0.259033203,0.315429688,29.17480469,1.770019531,-10.0402832,17.3279056,59.51697764,-41.4346917,6.982,16.156338,75.67528567
11:38:10,0.243164063,-0.341308594,0.213134766,34.1796875,-2.258300781,-6.072998047,17.1492674,61.49488324,-40.56785714,6.982,16.156338,75.67528567
11:38:10,0.443603516,-0.348632813,0.343505859,-3.051757813,4.577636719,-10.77270508,17.1492674,61.85450244,-39.18092186,6.982,16.156338,75.67528567
11:38:10,0.968017578,0.260986328,0.369384766,21.36230469,3.784179688,-3.753662109,17.5065438,64.73145604,-38.83418803,6.982,16.156338,75.67528567
11:38:10,0.18359375,-0.294189453,1.064941406,1.922607422,-3.631591797,-9.124755859,18.22109661,64.73145604,-38.48745421,6.982,16.156338,75.67528567
11:38:10,-0.408691406,-0.265869141,0.419677734,29.20532227,-13.79394531,2.960205078,16.61335279,64.91126564,-38.66082112,6.982,16.156338,75.67528567
11:38:10,0.162109375,0.167724609,0.190673828,22.67456055,-0.457763672,-5.432128906,15.72016178,65.09107524,-40.22112332,6.982,16.156338,75.67528567
11:38:10,0.593017578,0.206787109,0.085205078,11.0168457,1.525878906,-8.087158203,17.3279056,67.42860005,-41.4346917,6.982,16.156338,75.67528567
11:38:10,-0.893310547,-0.312988281,1.616455078,3.051757813,-2.838134766,-6.530761719,16.61335279,66.34974245,-44.20856227,6.982,16.156338,75.67528567
11:38:10,-0.416748047,0.316162109,1.692138672,35.88867188,11.53564453,4.150390625,18.04245841,66.70936165,-46.63569902,6.982,16.156338,75.67528567
11:38:10,0.9921875,-0.209716797,1.076904297,16.02172852,7.751464844,-5.737304688,19.29292582,65.45069444,-47.50253358,6.982,16.156338,75.67528567
11:38:10,0.100341797,-0.069335938,0.256835938,8.209228516,-4.974365234,-8.148193359,17.1492674,63.29297924,-49.92967033,6.982,16.156338,75.67528567
11:38:10,-0.08984375,0.188720703,-0.827880859,0.732421875,14.61791992,5.035400391,18.39973481,62.39393124,-52.53017399,6.982,16.156338,75.67528567
11:38:10,0.008300781,-0.101806641,2.041015625,27.67944336,33.96606445,13.15307617,18.39973481,62.39393124,-52.53017399,6.982,16.156338,75.67528567
11:38:10,-1.541503906,-0.101318359,3.325195313,7.934570313,-12.23754883,-5.065917969,19.11428762,60.23621604,-51.83670635,6.982,16.156338,75.67528567
11:38:10,-0.553222656,0.755126953,3.325439453,-12.60375977,-10.65063477,1.434326172,17.86382021,58.25831044,-53.74374237,6.982,16.156338,75.67528567
11:38:10,1.092773438,-0.489501953,0.292724609,5.615234375,-4.913330078,10.13183594,19.47156403,55.56116644,-52.87690781,6.982,16.156338,75.67528567
11:38:10,1.357421875,-0.013427734,-0.828857422,-17.33398438,9.643554688,-0.305175781,19.11428762,54.48230884,-53.57037546,6.982,16.156338,75.67528567
11:38:10,-0.799560547,0.293701172,0.556640625,0.427246094,14.28222656,3.662109375,18.75701122,53.40345124,-53.22364164,6.982,16.156338,75.67528567
11:38:10,0.0859375,0.554199219,0.617919922,-7.171630859,4.974365234,-4.486083984,19.11428762,52.68421284,-50.79650488,6.982,16.156338,75.67528567
11:38:10,-0.258544922,-0.302246094,-0.015869141,9.124755859,-4.150390625,14.61791992,19.65020223,52.50440324,-48.54273504,6.982,16.156338,75.67528567
11:38:10,-0.003662109,-0.143310547,0.099853516,-5.187988281,-16.35742188,-7.171630859,16.9706292,53.40345124,-45.24876374,6.982,16.156338,75.67528567
11:38:10,0.614257813,0.363769531,0.360351563,0.366210938,15.19775391,6.683349609,17.68518201,53.40345124,-44.90202991,6.982,16.156338,75.67528567
11:38:10,0.234863281,-0.666503906,1.941650391,-8.087158203,25.14648438,16.05224609,17.1492674,54.30249924,-43.34172772,6.982,16.156338,75.67528567
11:38:10,0.237304688,0.141845703,1.292724609,0.152587891,10.7421875,3.234863281,15.89879998,55.92078564,-39.35428877,6.982,16.156338,75.67528567
11:38:10,-1.225097656,0.806640625,2.385986328,-26.55029297,-8.7890625,10.52856445,16.791991,56.46021444,-39.18092186,6.982,16.156338,75.67528567
11:38:10,0.290283203,0.032470703,0.991210938,-8.056640625,-1.861572266,6.683349609,16.9706292,59.51697764,-37.27388584,6.982,16.156338,75.67528567
11:38:10,0.90625,-0.210205078,1.240234375,-8.361816406,1.556396484,27.25219727,16.9706292,60.23621604,-37.96735348,6.982,16.156338,75.67528567
11:38:10,0.099121094,-0.045898438,0.823730469,10.58959961,-0.732421875,15.68603516,17.3279056,62.39393124,-38.3140873,6.982,16.156338,75.67528567
11:38:10,-1.269287109,0.409423828,2.479003906,-21.60644531,3.265380859,5.340576172,15.00560897,63.29297924,-38.48745421,6.933,16.15635783,75.67531217
11:38:10,0.857421875,-0.647705078,0.733886719,11.19995117,0.610351563,26.03149414,16.791991,63.65259844,-37.44725275,6.933,16.15635783,75.67531217
11:38:10,0.899658203,0.372558594,0.373779297,-21.7590332,-11.07788086,0.335693359,16.43471459,64.01221764,-39.18092186,6.933,16.15635783,75.67531217
11:38:10,0.167724609,-0.376953125,0.487792969,-0.030517578,-13.12255859,9.643554688,17.5065438,65.09107524,-40.22112332,6.933,16.15635783,75.67531217
11:38:10,-0.37890625,-0.330078125,0.354248047,-17.48657227,-0.305175781,4.943847656,16.61335279,63.47278884,-41.08795788,6.933,16.15635783,75.67531217
11:38:10,-0.520507813,0.629882813,1.476318359,10.43701172,17.18139648,13.27514648,15.89879998,64.55164644,-39.35428877,6.933,16.15635783,75.67531217
11:38:10,-0.278320313,-0.044433594,1.988525391,9.490966797,7.232666016,7.049560547,17.68518201,60.95545444,-41.78142552,6.933,16.15635783,75.67531217
11:38:10,-0.601318359,0.297607422,1.806640625,8.666992188,-20.99609375,8.911132813,17.5065438,63.65259844,-40.56785714,6.933,16.15635783,75.67531217
11:38:10,-0.174316406,0.128173828,1.193603516,-16.3269043,-5.401611328,23.13232422,15.54152358,62.75355044,-39.00755495,6.933,16.15635783,75.67531217
11:38:10,0.601318359,-0.450439453,0.499267578,0.793457031,-0.274658203,11.68823242,14.11241796,64.19202724,-39.35428877,6.933,16.15635783,75.67531217
11:38:10,-0.363037109,-0.013671875,1.079345703,-19.19555664,-0.610351563,4.974365234,16.791991,64.37183684,-40.22112332,6.933,16.15635783,75.67531217
11:38:10,0.596435547,0.439941406,0.766601563,-5.218505859,1.342773438,20.69091797,16.07743819,64.37183684,-41.60805861,6.933,16.15635783,75.67531217
11:38:10,0.7421875,-0.052246094,-0.580322266,-6.927490234,-4.028320313,9.552001953,15.89879998,62.75355044,-43.86182845,6.933,16.15635783,75.67531217
11:38:10,-0.368896484,-0.511230469,-1.463378906,7.476806641,0.274658203,8.30078125,15.54152358,63.47278884,-42.82162698,6.933,16.15635783,75.67531217
11:38:10,-0.417724609,0.142578125,1.635742188,4.821777344,11.16943359,4.699707031,15.72016178,62.93336004,-42.30152625,6.933,16.15635783,75.67531217
11:38:10,-0.073242188,0.142822266,1.337402344,15.07568359,11.81030273,13.91601563,17.1492674,62.21412164,-43.68846154,6.933,16.15635783,75.67531217
11:38:10,-0.079833984,-0.199951172,1.745117188,18.61572266,7.110595703,9.399414063,18.93564942,61.13526404,-45.07539683,6.933,16.15635783,75.67531217
11:38:10,-0.407226563,-0.178955078,0.937744141,1.983642578,-4.760742188,9.246826172,18.04245841,61.31507364,-42.82162698,6.933,16.15635783,75.67531217
11:38:10,0.246582031,-0.121582031,0.778808594,-0.427246094,9.124755859,17.51708984,16.791991,61.13526404,-44.03519536,6.933,16.15635783,75.67531217
11:38:10,-0.12890625,-0.241455078,1.474121094,-3.723144531,10.43701172,5.859375,19.11428762,61.67469284,-43.16836081,6.933,16.15635783,75.67531217
11:38:10,-0.240478516,0.153808594,2.014648438,-5.950927734,2.990722656,-0.457763672,15.36288538,62.21412164,-41.60805861,6.933,16.15635783,75.67531217
11:38:10,-0.842773438,-0.201904297,2.793212891,11.26098633,3.997802734,13.671875,16.25607639,63.11316964,-40.39449023,6.933,16.15635783,75.67531217
11:38:10,-0.511474609,0.254882813,2.279541016,13.15307617,11.26098633,12.29858398,16.07743819,63.65259844,-39.52765568,6.933,16.15635783,75.67531217
11:38:10,-0.124023438,-0.066894531,1.287353516,1.831054688,-7.293701172,4.821777344,15.18424718,64.55164644,-38.66082112,6.933,16.15635783,75.67531217
11:38:10,0.274658203,0.384033203,-0.015869141,2.777099609,-14.55688477,-2.960205078,16.25607639,64.55164644,-38.3140873,6.933,16.15635783,75.67531217
11:38:10,0.825927734,0.052978516,-0.963378906,-4.089355469,17.05932617,6.225585938,15.72016178,65.81031364,-38.83418803,6.933,16.15635783,75.67531217
11:38:10,1.177734375,-0.716308594,1.106933594,18.49365234,-1.007080078,-8.758544922,15.72016178,65.81031364,-38.83418803,6.933,16.15635783,75.67531217
11:38:10,0.060058594,0.333007813,0.556884766,-1.251220703,-3.326416016,-7.537841797,15.72016178,65.81031364,-38.83418803,6.933,16.15635783,75.67531217
11:38:10,0.73828125,0.282714844,0.675537109,18.5546875,10.58959961,7.629394531,15.36288538,66.88917125,-40.56785714,6.933,16.15635783,75.67531217
11:38:10,0.024169922,-0.326416016,1.328857422,-7.415771484,-0.274658203,-12.63427734,15.89879998,68.86707685,-42.82162698,6.933,16.15635783,75.67531217
11:38:11,-0.188964844,-0.536865234,1.218994141,10.62011719,-9.155273438,-0.061035156,15.54152358,68.50745765,-44.90202991,6.933,16.15635783,75.67531217
11:38:11,0.432373047,0.835693359,1.004638672,5.920410156,-7.110595703,5.706787109,14.46969437,68.50745765,-45.24876374,6.933,16.15635783,75.67531217
11:38:11,0.103759766,-0.024658203,0.307373047,-6.408691406,6.500244141,-3.601074219,16.25607639,65.63050404,-48.36936813,6.933,16.15635783,75.67531217
11:38:11,-0.759277344,-0.374023438,0.600585938,5.310058594,12.78686523,4.577636719,16.43471459,63.65259844,-50.96987179,6.933,16.15635783,75.67531217
11:38:11,-0.563232422,0.277587891,3.760986328,24.59716797,-1.373291016,6.896972656,16.07743819,61.85450244,-53.39700855,6.933,16.15635783,75.67531217
11:38:11,-1.152099609,1.156982422,2.606445313,-4.760742188,-16.6015625,9.185791016,17.68518201,60.23621604,-53.22364164,6.933,16.15635783,75.67531217
11:38:11,-0.40625,-0.2578125,1.031005859,-24.35302734,-3.540039063,-3.479003906,18.39973481,58.79773924,-53.91710928,6.933,16.15635783,75.67531217
11:38:11,0.493408203,-0.270507813,0.746582031,4.089355469,-13.9465332,6.988525391,18.22109661,55.74097604,-53.39700855,6.933,16.15635783,75.67531217
11:38:11,0.768066406,0.450439453,-1.046875,14.28222656,-13.21411133,-0.946044922,16.9706292,55.20154724,-50.79650488,6.933,16.15635783,75.67531217
11:38:11,-0.212402344,0.095703125,-0.123779297,-4.730224609,10.49804688,-3.143310547,18.04245841,54.12268964,-50.79650488,6.933,16.15635783,75.67531217
11:38:11,0.341308594,-0.276611328,1.791748047,15.53344727,-0.946044922,-2.227783203,17.1492674,54.30249924,-48.88946886,6.933,16.15635783,75.67531217
11:38:11,-0.301757813,-0.454589844,1.693115234,-5.584716797,-15.77758789,1.708984375,17.3279056,53.76307044,-45.59549756,6.933,16.15635783,75.67531217
11:38:11,-0.280029297,0.350341797,0.914306641,8.361816406,-3.90625,16.44897461,15.72016178,54.66211844,-42.64826007,6.933,16.15635783,75.67531217
11:38:11,-0.193603516,0.395996094,0.89453125,-4.577636719,4.821777344,3.875732422,15.36288538,56.81983364,-41.95479243,6.933,16.15635783,75.67531217
11:38:11,0.672119141,0.580566406,-0.189208984,-6.500244141,18.40209961,8.605957031,15.18424718,58.07850084,-40.04775641,6.933,16.15635783,75.67531217
11:38:11,-0.080078125,-1.138671875,1.098144531,10.0402832,0.48828125,7.019042969,14.82697077,60.59583524,-38.66082112,6.933,16.15635783,75.67531217
11:38:11,0.500732422,0.185302734,1.567138672,6.072998047,-3.631591797,11.29150391,14.29105617,62.21412164,-37.44725275,6.933,16.15635783,75.67531217
11:38:11,0.137207031,1.281494141,0.357421875,-9.490966797,-5.187988281,15.28930664,15.00560897,63.65259844,-35.36684982,6.933,16.15635783,75.67531217
11:38:11,0.284423828,0.108642578,0.831542969,0.244140625,-8.850097656,-4.364013672,14.82697077,63.47278884,-37.62061966,6.933,16.15635783,75.67531217
11:38:11,-0.585449219,-1.032714844,1.799804688,14.12963867,-6.072998047,-6.713867188,15.00560897,66.16993284,-36.7537851,6.933,16.15635783,75.67531217
11:38:11,-1.013916016,0.359619141,2.22265625,7.141113281,-0.701904297,-2.136230469,15.36288538,64.73145604,-37.10051893,6.933,16.15635783,75.67531217
11:38:11,-0.168457031,1.170898438,1.907958984,10.16235352,3.967285156,0.396728516,14.64833257,66.52955205,-38.48745421,6.933,16.15635783,75.67531217
11:38:11,-0.732177734,0.239990234,2.332275391,32.86743164,-24.93286133,0.366210938,15.00560897,65.81031364,-38.48745421,6.933,16.15635783,75.67531217
11:38:11,0.1015625,-0.602050781,0.744873047,-11.47460938,-27.92358398,-20.05004883,15.36288538,65.81031364,-39.18092186,6.933,16.15635783,75.67531217
11:38:11,0.277832031,0.131347656,0.152099609,9.857177734,-0.793457031,1.434326172,14.46969437,64.19202724,-39.35428877,6.933,16.15635783,75.67531217
11:38:11,0.514404297,0.674560547,0.645019531,5.523681641,-5.706787109,-11.62719727,14.29105617,65.45069444,-39.52765568,6.933,16.15635783,75.67531217
11:38:11,0.518554688,0.091796875,0.508544922,-8.239746094,-15.53344727,-7.8125,15.72016178,64.73145604,-38.14072039,6.933,16.15635783,75.67531217
11:38:11,0.373535156,-0.581298828,0.406005859,9.460449219,-18.12744141,-2.502441406,13.93377976,64.37183684,-38.14072039,6.933,16.15635783,75.67531217
11:38:11,-0.217529297,-0.409667969,0.208251953,6.317138672,-13.48876953,-9.307861328,15.00560897,65.81031364,-39.52765568,6.933,16.15635783,75.67531217
11:38:11,-0.625488281,1.271240234,0.148193359,9.490966797,5.432128906,-3.234863281,15.00560897,65.45069444,-40.56785714,6.933,16.15635783,75.67531217
11:38:11,1.263427734,0.750976563,0.153320313,45.31860352,8.453369141,-7.995605469,15.54152358,64.91126564,-39.70102259,6.933,16.15635783,75.67531217
11:38:11,0.413818359,-1.020996094,0.359863281,-2.838134766,-13.51928711,-20.93505859,14.46969437,63.83240804,-40.39449023,6.933,16.15635783,75.67531217
11:38:11,-0.544433594,-0.438232422,1.301269531,0.274658203,8.361816406,-11.10839844,15.18424718,63.83240804,-42.82162698,6.933,16.15635783,75.67531217
11:38:11,-0.810546875,0.485839844,3.249267578,18.79882813,3.021240234,1.281738281,16.43471459,63.29297924,-40.56785714,6.933,16.15635783,75.67531217
11:38:11,-0.255859375,0.039306641,1.873291016,10.49804688,-16.41845703,-17.05932617,17.1492674,62.21412164,-40.22112332,6.933,16.15635783,75.67531217
11:38:11,-0.010742188,0.075439453,0.789794922,3.295898438,-10.19287109,-5.096435547,16.43471459,62.21412164,-39.8743895,6.933,16.15635783,75.67531217
11:38:11,0.668212891,0.140380859,-0.177001953,27.0690918,-2.532958984,-11.87133789,14.82697077,60.59583524,-39.70102259,6.933,16.15635783,75.67531217
11:38:11,-0.435058594,0.360107422,1.484619141,7.080078125,9.979248047,-3.143310547,14.82697077,60.59583524,-39.70102259,6.933,16.15635783,75.67531217
11:38:11,-0.245117188,-0.569335938,1.807128906,10.49804688,-5.676269531,-9.552001953,15.18424718,60.23621604,-40.74122405,6.933,16.15635783,75.67531217
11:38:11,0.516357422,0.123046875,0.727294922,-0.366210938,-2.9296875,-17.02880859,14.11241796,63.11316964,-36.58041819,6.933,16.15635783,75.67531217
11:38:11,0.250488281,-0.350585938,0.5390625,25.36010742,1.251220703,-9.094238281,14.11241796,62.03431204,-37.96735348,6.933,16.15635783,75.67531217
11:38:11,0.181640625,0.147949219,0.182128906,-1.312255859,2.593994141,-24.53613281,15.72016178,64.01221764,-35.71358364,6.933,16.15635783,75.67531217
11:38:11,1.143554688,0.60546875,-0.905273438,33.29467773,24.74975586,-8.483886719,14.46969437,65.99012324,-35.88695055,6.933,16.15635783,75.67531217
11:38:11,0.241699219,-0.580810547,-0.332275391,11.41357422,13.76342773,-24.26147461,15.18424718,64.19202724,-35.54021673,6.933,16.15635783,75.67531217
11:38:11,-1.247558594,-0.502441406,2.775878906,32.56225586,6.134033203,-14.89257813,13.93377976,66.16993284,-36.7537851,6.933,16.15635783,75.67531217
11:38:11,-0.677001953,0.336914063,2.448242188,3.875732422,0.366210938,-22.70507813,14.46969437,67.06898085,-37.96735348,6.933,16.15635783,75.67531217
11:38:11,0.28125,0.425537109,1.177734375,27.92358398,3.234863281,-18.92089844,14.64833257,66.52955205,-38.83418803,6.933,16.15635783,75.67531217
11:38:11,1.081787109,-0.192871094,-0.495361328,9.857177734,12.4206543,-14.86206055,15.89879998,67.78821925,-41.78142552,6.933,16.15635783,75.67531217
11:38:11,-0.808837891,-0.313476563,1.801269531,29.54101563,19.31762695,-12.6953125,15.54152358,67.78821925,-41.08795788,6.933,16.15635783,75.67531217
11:38:11,-1.038818359,0.084472656,2.223876953,9.887695313,-2.380371094,-15.68603516,17.86382021,67.60840965,-46.46233211,6.933,16.15635783,75.67531217
11:38:11,0.199951172,0.3359375,0.890380859,-18.76831055,2.105712891,-14.55688477,15.72016178,64.73145604,-47.15579976,6.933,16.15635783,75.67531217
11:38:11,1.272216797,-0.057617188,0.130126953,3.204345703,4.943847656,0.274658203,15.00560897,63.29297924,-49.92967033,6.933,16.15635783,75.67531217
11:38:11,0.177001953,-0.577148438,-0.804443359,24.56665039,1.312255859,-1.525878906,17.68518201,60.59583524,-50.10303724,6.933,16.15635783,75.67531217
11:38:11,-0.519287109,-0.275390625,0.636962891,0.183105469,14.46533203,-1.342773438,16.43471459,58.97754884,-51.66333944,6.933,16.15635783,75.67531217
11:38:11,0.364501953,0.240234375,0.148681641,-16.17431641,31.12792969,5.889892578,16.25607639,55.56116644,-51.83670635,6.933,16.15635783,75.67531217
11:38:11,0.156738281,0.570800781,0.765380859,-3.723144531,21.97265625,-7.385253906,17.1492674,55.74097604,-50.96987179,6.933,16.15635783,75.67531217
11:38:11,-0.41015625,0.210205078,1.666748047,12.78686523,19.98901367,5.554199219,16.61335279,53.40345124,-50.79650488,6.933,16.15635783,75.67531217
11:38:11,-0.530273438,-0.531982422,2.713134766,5.950927734,0.732421875,9.582519531,16.43471459,53.58326084,-48.54273504,6.933,16.15635783,75.67531217
11:38:11,0.286621094,0.638916016,0.280517578,-12.45117188,12.66479492,12.48168945,16.43471459,52.14478404,-44.728663,6.933,16.15635783,75.67531217
11:38:11,0.789794922,0.408691406,0.163574219,2.899169922,20.41625977,7.934570313,15.89879998,54.12268964,-43.86182845,6.933,16.15635783,75.67531217
11:38:11,-0.104736328,0.002929688,1.714599609,-15.38085938,24.01733398,-3.051757813,16.791991,55.38135684,-41.95479243,6.933,16.15635783,75.67531217
11:38:11,-1.138427734,-0.279785156,3.004882813,3.997802734,3.753662109,9.27734375,15.18424718,56.99964324,-38.3140873,6.933,16.15635783,75.67531217
11:38:11,-0.581787109,0.705810547,2.387451172,-9.674072266,2.868652344,-5.767822266,16.791991,60.41602564,-37.79398657,6.933,16.15635783,75.67531217
11:38:11,0.636962891,0.420410156,0.577148438,-1.525878906,16.63208008,8.178710938,14.29105617,60.05640644,-35.36684982,6.933,16.15635783,75.67531217
11:38:11,0.709472656,-0.644042969,-0.046875,3.631591797,14.06860352,5.249023438,15.89879998,61.31507364,-35.88695055,6.933,16.15635783,75.67531217
11:38:11,0.743408203,-0.382080078,-0.395019531,3.509521484,8.30078125,-1.46484375,15.00560897,63.29297924,-33.28644689,6.933,16.15635783,75.67531217
11:38:11,0.448974609,0.356689453,-0.305419922,-17.45605469,12.75634766,-7.32421875,13.93377976,63.29297924,-35.020116,6.933,16.15635783,75.67531217
11:38:11,0.145996094,0.375,0.76953125,-0.274658203,16.26586914,0.061035156,15.00560897,63.65259844,-35.71358364,6.933,16.15635783,75.67531217
11:38:11,-0.75,0.039794922,2.190429688,22.21679688,2.716064453,3.479003906,14.64833257,64.37183684,-35.71358364,6.933,16.15635783,75.67531217
11:38:11,-1.842773438,0.0546875,2.017822266,0.122070313,-9.063720703,-3.265380859,16.07743819,64.37183684,-36.40705128,6.933,16.15635783,75.67531217
11:38:11,-0.752197266,0.091064453,2.990966797,13.06152344,1.434326172,4.943847656,13.93377976,64.73145604,-36.06031746,7.681,16.15637967,75.67534083
11:38:11,0.483642578,0.066650391,2.076904297,6.317138672,16.44897461,-1.647949219,16.43471459,65.81031364,-37.10051893,7.681,16.15637967,75.67534083
11:38:11,0.569091797,-0.446044922,0.062011719,24.32250977,15.83862305,-2.502441406,15.18424718,63.83240804,-37.62061966,7.681,16.15637967,75.67534083
11:38:11,0.120849609,-0.243652344,0.977783203,-8.911132813,7.202148438,-13.09204102,14.29105617,64.37183684,-38.48745421,7.681,16.15637967,75.67534083
11:38:11,-0.554931641,0.134033203,2.247802734,3.082275391,-18.61572266,-7.415771484,13.75514156,62.75355044,-37.62061966,7.681,16.15637967,75.67534083
11:38:11,-0.667236328,0.588378906,1.797607422,-14.86206055,-30.63964844,-12.02392578,14.82697077,63.83240804,-36.58041819,7.681,16.15637967,75.67534083
11:38:11,0.544921875,-0.03515625,0.106445313,11.77978516,-19.62280273,-11.29150391,16.43471459,65.81031364,-35.36684982,7.681,16.15637967,75.67534083
11:38:11,0.40234375,-0.6875,0.482177734,13.3972168,5.340576172,-7.995605469,16.61335279,63.83240804,-37.96735348,7.681,16.15637967,75.67534083
11:38:11,-0.099365234,-0.045410156,0.827880859,24.93286133,3.051757813,-8.270263672,14.46969437,64.55164644,-39.35428877,7.681,16.15637967,75.67534083
11:38:11,0.068847656,0.688964844,0.713134766,9.155273438,-7.751464844,-12.63427734,15.00560897,62.93336004,-39.52765568,7.681,16.15637967,75.67534083
11:38:11,0.345214844,0.281005859,0.991455078,-11.87133789,-16.75415039,-18.00537109,15.00560897,62.93336004,-39.52765568,7.681,16.15637967,75.67534083
11:38:11,0.465576172,-1.159423828,-0.764160156,18.15795898,-5.920410156,-10.98632813,15.00560897,62.93336004,-39.52765568,7.681,16.15637967,75.67534083
11:38:11,-0.959960938,-0.196044922,0.654052734,46.63085938,6.072998047,2.258300781,16.07743819,62.57374084,-41.60805861,7.681,16.15637967,75.67534083
11:38:11,0.407470703,0.757324219,0.954589844,31.55517578,2.380371094,-16.66259766,16.07743819,61.49488324,-40.22112332,7.681,16.15637967,75.67534083
11:38:11,0.193115234,-0.274169922,0.623779297,0.946044922,4.150390625,-19.89746094,18.22109661,61.13526404,-39.52765568,7.681,16.15637967,75.67534083
11:38:11,0.618652344,-0.682128906,0.911865234,21.7590332,1.129150391,-23.92578125,17.3279056,61.31507364,-39.35428877,7.681,16.15637967,75.67534083
11:38:11,-0.483642578,-0.249755859,1.503173828,5.523681641,-12.02392578,-10.49804688,14.29105617,60.41602564,-38.14072039,7.681,16.15637967,75.67534083
11:38:11,-0.718994141,0.637207031,2.779541016,11.4440918,-21.63696289,-19.62280273,14.64833257,60.05640644,-36.40705128,7.681,16.15637967,75.67534083
11:38:11,-0.323730469,0.568847656,0.976806641,14.83154297,-1.953125,-19.43969727,15.18424718,60.95545444,-35.54021673,7.681,16.15637967,75.67534083
11:38:11,-0.149902344,-0.679931641,1.614013672,28.83911133,-3.784179688,-17.33398438,15.89879998,61.31507364,-35.88695055,7.681,16.15637967,75.67534083
11:38:11,-0.943847656,-0.029785156,2.322998047,21.39282227,-18.79882813,-17.8527832,15.72016178,62.93336004,-34.32664835,7.681,16.15637967,75.67534083
11:38:11,0.458984375,0.011474609,0.240234375,13.21411133,-10.34545898,-11.32202148,16.07743819,64.01221764,-34.67338217,7.681,16.15637967,75.67534083
11:38:11,1.160644531,0.122070313,-0.013671875,7.781982422,-6.225585938,-18.40209961,15.18424718,66.70936165,-35.54021673,7.681,16.15637967,75.67534083
11:38:11,0.403320313,-0.455078125,-0.507568359,26.27563477,-16.51000977,-19.8059082,14.29105617,64.73145604,-35.71358364,7.681,16.15637967,75.67534083
11:38:11,-0.297363281,-0.426025391,1.007568359,23.52905273,-13.48876953,-15.74707031,15.54152358,66.34974245,-36.92715201,7.681,16.15637967,75.67534083
11:38:11,0.050292969,0.300292969,0.844238281,8.361816406,-7.629394531,-14.31274414,16.43471459,65.09107524,-40.91459096,7.681,16.15637967,75.67534083
11:38:11,0.368652344,0.543701172,0.693847656,14.9230957,6.561279297,-4.913330078,16.61335279,62.75355044,-43.16836081,7.681,16.15637967,75.67534083
11:38:11,-0.611816406,0.397705078,2.07421875,21.72851563,-8.850097656,-15.8996582,15.36288538,63.29297924,-45.76886447,7.681,16.15637967,75.67534083
11:38:11,-0.641113281,0.259521484,1.897460938,-10.65063477,-22.27783203,-15.56396484,16.43471459,60.41602564,-46.80906593,7.681,16.15637967,75.67534083
11:38:11,-0.072509766,0.075683594,0.834228516,-14.09912109,-27.13012695,-8.148193359,16.61335279,58.79773924,-49.75630342,7.681,16.15637967,75.67534083
11:38:11,0.196044922,0.076660156,0.083007813,-3.540039063,-5.859375,-15.59448242,16.43471459,57.17945284,-49.23620269,7.681,16.15637967,75.67534083
