12:17:44 PM,0.986328125,0.427490234,-0.540283203,5.615234375,11.53564453,3.295898438,22.32977526,27.87048802,-40.04775641,8.499,16.159319,75.64152233
12:17:44 PM,1.225341797,-0.599121094,0.766357422,47.79052734,-14.03808594,9.338378906,18.75701122,29.66858402,-37.96735348,8.499,16.159319,75.64152233
12:17:44 PM,-2.491210938,-0.371826172,1.812744141,-16.93725586,-7.843017578,-10.7421875,20.00747863,32.72534722,-35.71358364,8.499,16.159319,75.64152233
12:17:44 PM,0.617675781,0.430175781,2.022705078,15.96069336,10.31494141,13.82446289,21.43658425,35.24268162,-34.32664835,8.499,16.159319,75.64152233
12:17:44 PM,-0.060302734,0.150146484,2.206298828,-36.4074707,-8.7890625,-13.88549805,23.22296627,36.32153922,-36.06031746,8.499,16.159319,75.64152233
12:17:44 PM,-0.395019531,0.127197266,0.668457031,0.457763672,-3.387451172,3.631591797,21.43658425,36.32153922,-36.40705128,8.499,16.159319,75.64152233
12:17:44 PM,0.932617188,-0.341064453,0.923339844,-4.272460938,-24.32250977,-7.202148438,21.79386065,35.24268162,-37.79398657,8.499,16.159319,75.64152233
12:17:44 PM,-0.008056641,-0.204101563,0.107910156,3.997802734,-7.385253906,8.392333984,21.61522245,34.34363362,-38.66082112,8.499,16.159319,75.64152233
12:17:44 PM,0.670654297,0.204833984,0.584716797,-10.28442383,-14.83154297,-11.41357422,22.50841346,35.24268162,-38.48745421,8.499,16.159319,75.64152233
12:17:44 PM,-1.177734375,0.524169922,0.324462891,-9.124755859,-6.988525391,-12.66479492,21.61522245,36.14172962,-37.62061966,8.499,16.159319,75.64152233
12:17:44 PM,0.293701172,-0.188720703,0.599365234,23.92578125,5.157470703,1.312255859,22.32977526,35.78211042,-39.00755495,8.499,16.159319,75.64152233
12:17:44 PM,1.001708984,-0.331054688,0.168701172,8.880615234,-11.59667969,-10.58959961,21.79386065,34.16382402,-40.22112332,8.499,16.159319,75.64152233
12:17:44 PM,-0.863769531,0.197998047,0.913574219,8.972167969,-1.861572266,-5.828857422,20.36475504,33.80420482,-41.26132479,8.499,16.159319,75.64152233
12:17:44 PM,-0.21484375,0.554199219,2.101806641,-4.760742188,-4.455566406,-10.43701172,22.86568987,33.44458562,-41.26132479,8.499,16.159319,75.64152233
12:17:44 PM,-0.632568359,0.170166016,0.779541016,9.368896484,-0.48828125,1.373291016,21.79386065,32.36572802,-39.52765568,8.499,16.159319,75.64152233
12:17:44 PM,0.530029297,-0.150390625,1.199462891,11.23046875,9.094238281,4.547119141,22.86568987,32.36572802,-39.18092186,8.499,16.159319,75.64152233
12:17:44 PM,0.382568359,0.335449219,1.187744141,5.126953125,-8.209228516,-9.887695313,21.43658425,32.36572802,-37.10051893,8.499,16.159319,75.64152233
12:17:44 PM,-1.506591797,-0.095703125,1.497070313,-12.84790039,15.65551758,-2.655029297,21.79386065,34.88306242,-37.44725275,8.499,16.159319,75.64152233
12:17:44 PM,0.514404297,-0.136474609,1.528564453,-11.93237305,-7.32421875,-4.028320313,21.43658425,34.88306242,-38.14072039,8.499,16.159319,75.64152233
12:17:44 PM,1.114990234,-0.069580078,-0.318847656,3.662109375,-7.995605469,3.479003906,21.61522245,37.58020643,-35.54021673,8.499,16.159319,75.64152233
12:17:44 PM,0.039550781,0.156494141,0.445068359,-5.706787109,-1.708984375,-7.202148438,20.18611683,38.65906403,-40.04775641,8.499,16.159319,75.64152233
12:17:44 PM,-1.448486328,-0.288818359,1.135009766,-1.525878906,3.204345703,-8.239746094,21.97249886,39.73792163,-44.20856227,8.499,16.159319,75.64152233
12:17:44 PM,-0.046386719,0.65625,2.064453125,-13.58032227,8.087158203,0.518798828,21.97249886,38.29944483,-44.55529609,8.499,16.159319,75.64152233
12:17:44 PM,-1.314697266,0.280029297,1.820068359,12.48168945,-20.08056641,1.495361328,23.22296627,35.24268162,-49.92967033,8.499,16.159319,75.64152233
12:17:44 PM,-0.518554688,0.128662109,1.924804688,15.99121094,2.990722656,4.516601563,23.22296627,29.48877442,-49.92967033,8.499,16.159319,75.64152233
12:17:44 PM,0.184814453,-0.25,0.866210938,17.76123047,3.204345703,1.403808594,23.40160447,27.15124962,-51.14323871,8.499,16.159319,75.64152233
12:17:44 PM,0.462890625,-0.051025391,-0.264892578,-2.960205078,16.96777344,-7.8125,23.04432807,26.07239202,-49.75630342,8.499,16.159319,75.64152233
12:17:44 PM,0.817138672,0.099609375,0.916503906,9.918212891,8.605957031,-0.183105469,21.61522245,23.55505762,-45.94223138,8.499,16.159319,75.64152233
12:17:44 PM,-0.617675781,0.122070313,0.515380859,-19.28710938,8.972167969,-12.54272461,20.90066964,26.43201122,-43.16836081,8.499,16.159319,75.64152233
12:17:44 PM,1.332519531,-0.300292969,0.246337891,21.60644531,-1.770019531,-3.631591797,19.65020223,27.69067842,-38.83418803,8.499,16.159319,75.64152233
12:17:44 PM,-1.014892578,-0.077636719,0.403076172,-22.76611328,7.446289063,-16.69311523,21.07930784,32.00610882,-36.40705128,8.499,16.159319,75.64152233
12:17:44 PM,-0.859619141,0.844970703,2.266845703,-11.23046875,19.2565918,-8.270263672,20.72203144,33.44458562,-35.36684982,8.499,16.159319,75.64152233
12:17:44 PM,0.007324219,-0.043701172,2.648681641,1.251220703,-12.75634766,-3.814697266,22.15113706,34.52344322,-36.06031746,8.499,16.159319,75.64152233
12:17:44 PM,-0.9609375,0.196777344,1.948974609,-1.251220703,-7.598876953,-0.457763672,22.50841346,35.60230082,-35.36684982,8.499,16.159319,75.64152233
12:17:44 PM,0.123046875,0.330078125,0.127197266,-14.86206055,5.035400391,-3.631591797,21.07930784,35.60230082,-37.10051893,8.499,16.159319,75.64152233
12:17:44 PM,0.143798828,0.227783203,0.218261719,5.218505859,27.03857422,-1.617431641,20.90066964,36.86096803,-39.00755495,8.499,16.159319,75.64152233
12:17:44 PM,1.70703125,-0.969238281,0.894775391,35.88867188,4.39453125,13.33618164,21.61522245,34.70325282,-38.3140873,8.499,16.159319,75.64152233
12:17:44 PM,-0.752929688,0.469238281,-0.268798828,-10.40649414,6.713867188,-0.305175781,21.97249886,32.54553762,-39.00755495,8.499,16.159319,75.64152233
12:17:44 PM,0.487548828,-0.093017578,1.259033203,6.683349609,9.857177734,10.7421875,21.43658425,35.96192002,-39.52765568,8.499,16.159319,75.64152233
12:17:44 PM,0.66015625,-0.054931641,0.748779297,-32.2265625,-14.46533203,-15.31982422,21.25794605,36.14172962,-40.39449023,8.499,16.159319,75.64152233
12:17:44 PM,0.448730469,0.052978516,0.360595703,-6.011962891,2.410888672,-3.540039063,21.25794605,36.14172962,-40.39449023,8.499,16.159319,75.64152233
12:17:44 PM,-0.595458984,0.272216797,0.182128906,-15.83862305,-0.610351563,-7.385253906,21.25794605,36.14172962,-40.39449023,8.499,16.159319,75.64152233
12:17:44 PM,-0.092285156,-0.230224609,0.793457031,8.453369141,20.90454102,7.263183594,23.22296627,33.08496642,-41.60805861,8.499,16.159319,75.64152233
12:17:44 PM,1.480957031,0.321533203,1.488769531,14.28222656,7.537841797,8.30078125,22.68705166,32.18591842,-42.12815934,8.499,16.159319,75.64152233
12:17:44 PM,-1.545898438,-0.352783203,0.523925781,27.00805664,-18.09692383,-2.807617188,21.25794605,31.82629922,-41.08795788,8.499,16.159319,75.64152233
12:17:44 PM,-0.156738281,-0.072998047,1.688232422,-20.14160156,30.24291992,-6.958007813,23.40160447,32.18591842,-38.3140873,8.499,16.159319,75.64152233
12:17:44 PM,0.197998047,0.115722656,1.940673828,6.378173828,4.119873047,1.739501953,22.86568987,33.08496642,-37.10051893,8.499,16.159319,75.64152233
12:17:44 PM,-0.881835938,0.821044922,1.138916016,-12.29858398,-19.47021484,-3.784179688,22.50841346,34.52344322,-37.10051893,8.499,16.159319,75.64152233
12:17:44 PM,0.160644531,0.303222656,0.329101563,2.410888672,-7.232666016,0.457763672,20.18611683,36.86096803,-36.58041819,8.499,16.159319,75.64152233
12:17:44 PM,0.390136719,-0.501708984,-0.558837891,5.187988281,20.01953125,2.868652344,21.25794605,38.29944483,-39.00755495,8.499,16.159319,75.64152233
12:17:44 PM,0.510742188,-0.099121094,0.480957031,16.02172852,3.875732422,0.305175781,21.79386065,39.55811203,-40.56785714,8.499,16.159319,75.64152233
12:17:44 PM,-0.594726563,0.417236328,0.455322266,-18.37158203,14.3737793,-3.143310547,22.15113706,38.83887363,-45.07539683,8.499,16.159319,75.64152233
12:17:44 PM,0.44140625,-0.422607422,1.498291016,8.361816406,-2.410888672,-1.068115234,22.86568987,37.76001603,-47.50253358,8.499,16.159319,75.64152233
12:17:44 PM,-1.770019531,0.036376953,1.295410156,-17.82226563,-15.65551758,-6.469726563,23.22296627,35.60230082,-50.96987179,8.499,16.159319,75.64152233
12:17:44 PM,0.301513672,0.319824219,2.494384766,-3.143310547,16.96777344,10.40649414,21.79386065,32.36572802,-50.62313797,8.499,16.159319,75.64152233
12:17:44 PM,-0.134765625,0.033203125,1.800292969,-1.892089844,3.112792969,-0.579833984,21.97249886,28.58972642,-51.83670635,8.499,16.159319,75.64152233
12:17:44 PM,0.52734375,0.28515625,1.272949219,6.500244141,13.15307617,5.065917969,23.75888088,25.71277282,-48.71610195,8.499,16.159319,75.64152233
12:17:44 PM,-0.396972656,-0.365722656,1.691894531,8.422851563,-8.758544922,4.089355469,22.50841346,25.53296322,-46.80906593,8.499,16.159319,75.64152233
12:17:44 PM,-1.027099609,0.259521484,-0.125488281,-17.578125,-7.263183594,-3.448486328,21.61522245,27.51086882,-43.51509463,8.499,16.159319,75.64152233
12:17:44 PM,1.365234375,-0.458496094,0.699462891,1.007080078,13.85498047,5.401611328,21.43658425,29.12915522,-39.8743895,8.499,16.159319,75.64152233
12:17:44 PM,0.799316406,0.303466797,0.758789063,-8.880615234,-19.71435547,-6.622314453,20.72203144,30.92725122,-37.44725275,8.499,16.159319,75.64152233
12:17:44 PM,-0.62109375,-0.033691406,1.819824219,-4.058837891,-4.638671875,0.579833984,21.97249886,34.34363362,-35.54021673,8.499,16.159319,75.64152233
12:17:44 PM,-1.509765625,0.502685547,1.389892578,-40.10009766,-11.68823242,-8.453369141,22.50841346,34.16382402,-36.06031746,8.499,16.159319,75.64152233
12:17:44 PM,1.423583984,-0.074951172,1.021484375,19.50073242,2.105712891,7.049560547,21.07930784,37.40039683,-36.40705128,8.499,16.159319,75.64152233
12:17:44 PM,0.020751953,0.528564453,0.163085938,-0.762939453,-16.47949219,-4.028320313,20.36475504,36.32153922,-38.14072039,8.499,16.159319,75.64152233
12:17:44 PM,-1.715332031,-0.492919922,1.026123047,-0.946044922,-4.791259766,-3.784179688,20.90066964,35.78211042,-38.66082112,8.499,16.159319,75.64152233
12:17:44 PM,0.643310547,-0.182861328,0.673339844,-22.39990234,1.922607422,-5.920410156,20.72203144,34.52344322,-40.22112332,8.499,16.159319,75.64152233
12:17:44 PM,0.203613281,0.421875,-0.354980469,5.310058594,14.73999023,5.981445313,22.86568987,34.16382402,-38.48745421,8.499,16.159319,75.64152233
12:17:44 PM,1.448974609,-0.084472656,1.229736328,22.09472656,3.845214844,5.37109375,20.90066964,37.93982563,-37.27388584,8.499,16.159319,75.64152233
12:17:44 PM,-0.055419922,-0.452148438,0.732666016,13.97705078,-18.49365234,1.129150391,22.50841346,37.76001603,-39.52765568,8.499,16.159319,75.64152233
12:17:44 PM,-2.033203125,-0.355712891,1.294677734,-29.69360352,3.845214844,1.434326172,23.04432807,36.86096803,-40.39449023,8.499,16.159319,75.64152233
12:17:44 PM,0.849853516,1.078857422,2.470214844,-1.251220703,3.570556641,8.30078125,21.97249886,33.26477602,-41.78142552,8.499,16.159319,75.64152233
12:17:44 PM,-1.265136719,0.529052734,1.261474609,-2.899169922,-19.01245117,4.852294922,23.04432807,33.26477602,-41.78142552,8.499,16.159319,75.64152233
12:17:44 PM,0.535888672,-0.375244141,1.107666016,12.05444336,-5.035400391,13.79394531,21.97249886,32.54553762,-40.39449023,8.499,16.159319,75.64152233
12:17:44 PM,0.654785156,-0.233398438,0.607910156,19.65332031,-17.82226563,13.88549805,22.68705166,33.62439522,-39.35428877,8.499,16.159319,75.64152233
12:17:44 PM,-2.203613281,0.090332031,0.479248047,-1.159667969,-1.495361328,4.150390625,21.43658425,34.88306242,-37.44725275,6.635,16.159337,75.64157217
12:17:44 PM,1.117675781,0.3515625,2.097167969,20.5078125,12.72583008,13.91601563,21.43658425,37.76001603,-37.44725275,6.635,16.159337,75.64157217
12:17:44 PM,-0.662841797,-0.117675781,1.004882813,6.713867188,-14.55688477,3.997802734,21.97249886,39.01868323,-35.88695055,6.635,16.159337,75.64157217
12:17:44 PM,0.302734375,-0.115722656,0.666503906,1.068115234,-3.204345703,9.552001953,23.75888088,39.73792163,-37.27388584,6.635,16.159337,75.64157217
12:17:44 PM,0.26953125,-0.100097656,0.523681641,10.13183594,-16.05224609,9.704589844,22.15113706,40.27735043,-40.91459096,6.635,16.159337,75.64157217
12:17:44 PM,-0.126220703,0.169921875,0.188476563,-13.27514648,10.89477539,4.39453125,23.04432807,39.37830243,-44.20856227,6.635,16.159337,75.64157217
12:17:44 PM,0.954589844,-0.223632813,1.298095703,-3.265380859,6.774902344,6.591796875,23.75888088,38.29944483,-47.67590049,6.635,16.159337,75.64157217
12:17:44 PM,-1.348632813,0.264404297,1.333496094,-8.483886719,-5.37109375,0.640869141,23.04432807,35.42249122,-50.44977106,6.635,16.159337,75.64157217
12:17:44 PM,-0.431884766,0.315673828,1.649658203,2.960205078,0.122070313,10.19287109,23.93751908,30.56763202,-49.58293651,6.635,16.159337,75.64157217
12:17:44 PM,-0.174804688,0.467773438,0.683349609,1.770019531,-18.70727539,5.096435547,23.22296627,28.05029762,-48.54273504,6.635,16.159337,75.64157217
12:17:44 PM,0.292480469,0.10546875,0.534667969,18.37158203,8.483886719,7.934570313,23.58024267,25.17334402,-47.50253358,6.635,16.159337,75.64157217
12:17:44 PM,1.111572266,-0.229248047,1.192626953,0.762939453,5.187988281,-2.227783203,21.79386065,27.33105922,-43.34172772,6.635,16.159337,75.64157217
12:17:44 PM,-1.010009766,-0.342285156,0.999267578,6.866455078,4.516601563,-1.770019531,23.93751908,29.84839362,-39.8743895,6.635,16.159337,75.64157217
12:17:44 PM,0.836669922,0.320800781,1.435302734,-1.068115234,4.547119141,-1.190185547,22.15113706,30.20801282,-37.44725275,6.635,16.159337,75.64157217
12:17:44 PM,-0.674560547,0.595703125,0.068115234,-11.71875,-20.75195313,-10.07080078,23.04432807,33.26477602,-36.23368437,6.635,16.159337,75.64157217
12:17:44 PM,-0.423095703,0.057128906,0.420166016,10.83374023,8.911132813,-0.122070313,23.04432807,33.26477602,-36.23368437,6.635,16.159337,75.64157217
12:17:44 PM,0.598876953,-0.183105469,1.791259766,19.92797852,1.861572266,-1.831054688,23.04432807,33.26477602,-36.23368437,6.635,16.159337,75.64157217
12:17:44 PM,-0.756347656,-0.199951172,1.248291016,38.57421875,12.84790039,7.049560547,22.68705166,36.14172962,-36.58041819,6.635,16.159337,75.64157217
12:17:44 PM,-0.209960938,0.008544922,2.483398438,6.286621094,6.530761719,1.647949219,22.68705166,37.58020643,-37.96735348,6.635,16.159337,75.64157217
12:17:44 PM,-0.464355469,-0.243896484,2.147216797,16.66259766,-18.31054688,-0.427246094,22.86568987,36.68115842,-39.18092186,6.635,16.159337,75.64157217
12:17:44 PM,-0.682373047,0.036376953,0.113769531,3.875732422,9.002685547,2.593994141,22.86568987,35.96192002,-38.83418803,6.635,16.159337,75.64157217
12:17:44 PM,1.769042969,-0.083251953,0.322021484,18.06640625,18.37158203,2.319335938,22.50841346,33.44458562,-38.83418803,6.635,16.159337,75.64157217
12:17:44 PM,0.346191406,-0.468017578,0.724365234,10.95581055,5.218505859,-8.270263672,23.22296627,34.88306242,-38.48745421,6.635,16.159337,75.64157217
12:17:44 PM,-0.006591797,0.187988281,0.913330078,19.68383789,-15.07568359,-2.258300781,23.04432807,36.14172962,-39.35428877,6.635,16.159337,75.64157217
12:17:44 PM,-1.321289063,0.274169922,0.039550781,-23.49853516,-10.16235352,-18.46313477,23.58024267,35.96192002,-40.22112332,6.635,16.159337,75.64157217
12:17:45 PM,1.126953125,-0.154296875,-0.1796875,-3.936767578,33.11157227,-3.570556641,24.47343368,34.34363362,-42.12815934,6.635,16.159337,75.64157217
12:17:45 PM,0.496337891,-0.213867188,0.546386719,37.87231445,3.967285156,-1.373291016,23.58024267,33.44458562,-39.8743895,6.635,16.159337,75.64157217
12:17:45 PM,-1.348144531,0.172851563,2.121582031,19.65332031,0.885009766,-2.014160156,23.22296627,33.08496642,-41.26132479,6.635,16.159337,75.64157217
12:17:45 PM,-0.500244141,-0.466308594,2.125488281,10.28442383,-3.753662109,0.671386719,23.58024267,33.44458562,-39.18092186,6.635,16.159337,75.64157217
12:17:45 PM,-0.374267578,0.463134766,0.288818359,-9.246826172,4.058837891,-4.211425781,21.97249886,34.34363362,-39.00755495,6.635,16.159337,75.64157217
12:17:45 PM,1.026123047,0.01171875,0.998535156,12.35961914,29.17480469,8.056640625,23.04432807,35.78211042,-37.62061966,6.635,16.159337,75.64157217
12:17:45 PM,-0.046875,-0.594482422,0.708984375,7.843017578,0.732421875,-4.730224609,21.61522245,36.86096803,-36.58041819,6.635,16.159337,75.64157217
12:17:45 PM,0.119384766,0.009033203,0.411621094,14.25170898,1.159667969,4.913330078,23.22296627,38.83887363,-37.44725275,6.635,16.159337,75.64157217
12:17:45 PM,-0.137695313,0.019775391,0.034912109,-5.950927734,3.692626953,-0.946044922,21.79386065,39.55811203,-39.52765568,6.635,16.159337,75.64157217
12:17:45 PM,-0.515380859,0.548828125,0.227294922,-1.770019531,21.85058594,-0.732421875,23.04432807,39.37830243,-43.51509463,6.635,16.159337,75.64157217
12:17:45 PM,1.335449219,-0.371826172,1.569335938,24.65820313,3.234863281,0.762939453,21.79386065,38.83887363,-46.11559829,6.635,16.159337,75.64157217
12:17:45 PM,-1.613769531,-0.376953125,1.316894531,6.530761719,-1.403808594,-2.014160156,24.29479548,35.24268162,-50.62313797,6.635,16.159337,75.64157217
12:17:45 PM,-0.108642578,-0.181640625,1.122314453,0.457763672,18.43261719,7.8125,23.75888088,32.54553762,-52.18344017,6.635,16.159337,75.64157217
12:17:45 PM,1.252929688,0.376953125,0.926269531,18.46313477,13.45825195,2.44140625,23.75888088,29.66858402,-50.44977106,6.635,16.159337,75.64157217
12:17:45 PM,-0.603027344,0.079833984,0.881835938,8.544921875,2.319335938,-5.065917969,24.47343368,26.43201122,-50.44977106,6.635,16.159337,75.64157217
12:17:45 PM,-0.3828125,-0.18359375,1.800292969,-16.35742188,-0.457763672,-12.29858398,23.40160447,26.07239202,-45.59549756,6.635,16.159337,75.64157217
12:17:45 PM,-0.474609375,0.628173828,0.689453125,0.152587891,11.26098633,-0.061035156,21.79386065,26.61182082,-41.26132479,6.635,16.159337,75.64157217
12:17:45 PM,1.148925781,0.170166016,0.849365234,5.462646484,0.152587891,2.166748047,21.07930784,30.20801282,-39.52765568,6.635,16.159337,75.64157217
12:17:45 PM,-0.241210938,-0.385498047,0.148925781,5.737304688,-8.270263672,-2.624511719,22.32977526,30.02820322,-37.27388584,6.635,16.159337,75.64157217
12:17:45 PM,-0.5,0.018310547,1.473876953,7.904052734,8.819580078,6.378173828,23.40160447,32.18591842,-35.54021673,6.635,16.159337,75.64157217
12:17:45 PM,-0.463867188,0.703369141,0.713867188,-0.732421875,-0.701904297,-4.39453125,24.29479548,36.68115842,-34.67338217,6.635,16.159337,75.64157217
12:17:45 PM,0.605224609,-0.248046875,0.553466797,0.854492188,17.63916016,6.713867188,23.40160447,35.78211042,-35.54021673,6.635,16.159337,75.64157217
12:17:45 PM,0.664306641,-0.061279297,1.603759766,-2.105712891,-21.08764648,-5.523681641,23.40160447,36.50134882,-36.58041819,6.635,16.159337,75.64157217
12:17:45 PM,-1.246826172,0.201904297,0.259277344,-8.972167969,-0.061035156,-3.265380859,23.93751908,36.32153922,-37.44725275,6.635,16.159337,75.64157217
12:17:45 PM,0.260009766,0.171630859,0.45703125,0.946044922,23.04077148,8.026123047,22.32977526,34.70325282,-38.3140873,6.635,16.159337,75.64157217
12:17:45 PM,-0.128662109,0.336669922,0.283935547,-11.35253906,15.8996582,-8.514404297,22.68705166,34.34363362,-38.66082112,6.635,16.159337,75.64157217
12:17:45 PM,1.01171875,-0.031982422,1.556884766,29.38842773,2.563476563,11.53564453,23.04432807,37.58020643,-38.66082112,6.635,16.159337,75.64157217
12:17:45 PM,-1.903808594,-0.069335938,0.608886719,-10.55908203,-23.74267578,-5.37109375,23.22296627,37.04077763,-40.22112332,6.635,16.159337,75.64157217
12:17:45 PM,-0.8828125,0.219970703,0.87109375,10.7421875,29.47998047,13.88549805,24.65207189,33.80420482,-40.56785714,6.635,16.159337,75.64157217
12:17:45 PM,0.832519531,-0.098632813,1.758056641,22.70507813,7.32421875,6.805419922,24.11615728,33.26477602,-42.47489316,6.635,16.159337,75.64157217
12:17:45 PM,-1.242675781,0.467285156,1.870117188,10.31494141,-9.857177734,-1.525878906,23.04432807,33.26477602,-40.74122405,6.635,16.159337,75.64157217
12:17:45 PM,-0.599609375,-0.451171875,2.957519531,5.920410156,0.579833984,8.728027344,24.11615728,31.82629922,-40.74122405,6.635,16.159337,75.64157217
12:17:45 PM,-1.042724609,0.131591797,1.167480469,-17.39501953,8.880615234,-5.249023438,23.75888088,33.62439522,-40.04775641,6.635,16.159337,75.64157217
12:17:45 PM,1.224609375,-0.065917969,0.385253906,10.16235352,13.58032227,6.561279297,23.40160447,33.26477602,-36.92715201,6.635,16.159337,75.64157217
12:17:45 PM,0.30859375,0.372070313,0.904296875,-10.43701172,-3.90625,-10.62011719,22.86568987,34.88306242,-36.7537851,6.635,16.159337,75.64157217
12:17:45 PM,-0.019775391,0.065917969,0.698486328,11.87133789,-2.258300781,1.861572266,23.04432807,36.50134882,-36.23368437,6.635,16.159337,75.64157217
12:17:45 PM,0.644042969,-0.569335938,0.476074219,-14.31274414,-9.796142578,-8.453369141,22.68705166,36.86096803,-37.96735348,6.635,16.159337,75.64157217
12:17:45 PM,-0.101806641,-0.2578125,0.616210938,29.72412109,-0.396728516,2.380371094,23.58024267,39.19849283,-40.22112332,6.635,16.159337,75.64157217
12:17:45 PM,-0.533203125,0.624511719,1.161376953,-2.593994141,-4.516601563,-11.50512695,23.75888088,41.17639843,-43.16836081,6.635,16.159337,75.64157217
12:17:45 PM,-0.153564453,-0.038574219,1.362060547,14.77050781,5.523681641,-8.453369141,24.83071009,36.86096803,-45.94223138,6.635,16.159337,75.64157217
12:17:45 PM,-0.082519531,-0.171630859,1.859130859,1.861572266,-9.155273438,-12.14599609,23.75888088,32.90515682,-50.10303724,6.635,16.159337,75.64157217
12:17:45 PM,-0.816650391,0.121337891,0.789794922,23.37646484,-13.79394531,-3.90625,25.18798649,30.74744162,-51.48997253,6.635,16.159337,75.64157217
12:17:45 PM,1.107666016,0.046386719,0.704833984,5.798339844,-2.838134766,-6.042480469,24.29479548,26.97144002,-49.58293651,6.635,16.159337,75.64157217
12:17:45 PM,-0.523193359,-0.257080078,0.813476563,8.575439453,-7.690429688,-9.399414063,24.11615728,24.63391522,-49.06283578,6.635,16.159337,75.64157217
12:17:45 PM,-0.595703125,0.071777344,1.681884766,-2.014160156,-2.807617188,-8.483886719,21.79386065,23.73486722,-45.07539683,6.635,16.159337,75.64157217
12:17:45 PM,-0.193603516,0.610839844,0.782714844,-4.852294922,-6.134033203,-3.967285156,21.79386065,23.73486722,-45.07539683,6.635,16.159337,75.64157217
12:17:45 PM,1.340087891,-0.237792969,0.509765625,14.28222656,-5.828857422,-0.762939453,23.58024267,27.69067842,-41.60805861,6.635,16.159337,75.64157217
12:17:45 PM,0.164550781,-0.346679688,0.651855469,3.90625,-20.47729492,-10.10131836,20.90066964,26.43201122,-38.66082112,6.635,16.159337,75.64157217
12:17:45 PM,-1.225341797,-0.064697266,0.407714844,9.826660156,5.462646484,4.791259766,22.86568987,29.84839362,-37.10051893,6.635,16.159337,75.64157217
12:17:45 PM,-0.379394531,0.459472656,3.127685547,-5.584716797,-7.8125,-11.96289063,23.58024267,33.80420482,-36.7537851,6.635,16.159337,75.64157217
12:17:45 PM,-0.035644531,0.025634766,1.081542969,4.180908203,-14.73999023,-1.739501953,22.32977526,33.98401442,-35.54021673,6.635,16.159337,75.64157217
12:17:45 PM,0.072021484,0.188964844,0.474365234,-8.453369141,-13.06152344,-8.087158203,22.15113706,35.60230082,-36.7537851,6.635,16.159337,75.64157217
12:17:45 PM,-1.088378906,0.019042969,0.158935547,10.25390625,4.699707031,-1.251220703,23.22296627,33.44458562,-39.18092186,6.635,16.159337,75.64157217
12:17:45 PM,0.043457031,-0.092285156,2.384521484,-4.180908203,4.150390625,-7.995605469,22.86568987,34.52344322,-39.18092186,6.635,16.159337,75.64157217
12:17:45 PM,0.763183594,-0.182617188,0.763916016,23.7121582,-12.05444336,4.302978516,22.68705166,34.34363362,-39.00755495,6.635,16.159337,75.64157217
12:17:45 PM,-0.737304688,0.402099609,0.624023438,-11.62719727,-14.12963867,-5.493164063,24.47343368,33.26477602,-38.66082112,6.635,16.159337,75.64157217
12:17:45 PM,-0.629882813,0.166992188,0.260986328,-10.0402832,2.136230469,-2.105712891,22.86568987,33.80420482,-38.83418803,6.635,16.159337,75.64157217
12:17:45 PM,0.459716797,-0.189941406,0.956787109,5.920410156,13.12255859,-5.920410156,24.47343368,33.98401442,-40.04775641,6.635,16.159337,75.64157217
12:17:45 PM,-0.80078125,0.468261719,1.256103516,7.629394531,-2.136230469,-2.075195313,22.50841346,33.08496642,-40.56785714,6.635,16.159337,75.64157217
12:17:45 PM,0.521240234,0.114257813,1.202392578,-2.777099609,4.943847656,-3.112792969,23.04432807,30.38782242,-40.74122405,6.635,16.159337,75.64157217
12:17:45 PM,-0.399169922,-0.058349609,1.165771484,-14.16015625,-2.227783203,-9.521484375,24.47343368,32.54553762,-41.4346917,6.635,16.159337,75.64157217
12:17:45 PM,0.313720703,-0.181396484,1.481201172,1.403808594,7.385253906,-4.241943359,22.32977526,31.46668002,-38.66082112,6.635,16.159337,75.64157217
12:17:45 PM,-0.379882813,0.127441406,0.885986328,5.37109375,6.042480469,-2.014160156,23.04432807,31.46668002,-37.27388584,6.635,16.159337,75.64157217
12:17:45 PM,-0.532226563,0.296875,1.477539063,1.770019531,4.913330078,0.732421875,23.93751908,32.36572802,-36.7537851,6.635,16.159337,75.64157217
12:17:45 PM,0.393798828,-0.155029297,0.800292969,2.166748047,-8.972167969,-0.732421875,25.00934829,32.72534722,-35.71358364,6.635,16.159337,75.64157217
12:17:45 PM,-0.989990234,0.024414063,0.841308594,-6.927490234,-0.457763672,-2.960205078,21.79386065,35.24268162,-36.40705128,6.635,16.159337,75.64157217
12:17:45 PM,0.698486328,-0.092041016,1.257324219,16.17431641,14.43481445,8.178710938,22.32977526,37.58020643,-37.27388584,6.635,16.159337,75.64157217
12:17:45 PM,-0.227783203,0.073242188,0.56640625,-1.098632813,5.432128906,-5.340576172,23.04432807,39.01868323,-41.4346917,6.635,16.159337,75.64157217
12:17:45 PM,-0.414550781,-0.333740234,0.685302734,-9.918212891,10.65063477,-3.448486328,24.11615728,38.65906403,-44.20856227,6.635,16.159337,75.64157217
12:17:45 PM,0.870849609,0.238037109,0.96484375,-3.509521484,4.547119141,-4.119873047,24.47343368,35.42249122,-46.63569902,6.635,16.159337,75.64157217
12:17:45 PM,-0.674072266,0.124511719,0.968505859,5.889892578,8.026123047,-2.807617188,24.11615728,33.62439522,-48.71610195,6.635,16.159337,75.64157217
12:17:45 PM,-0.091064453,-0.504638672,1.438964844,-14.95361328,13.88549805,-11.35253906,24.65207189,28.76953602,-50.62313797,6.635,16.159337,75.64157217
12:17:45 PM,0.288330078,0.414550781,0.731445313,-9.338378906,15.04516602,-5.706787109,24.83071009,26.07239202,-51.48997253,6.635,16.159337,75.64157217
12:17:45 PM,-0.239501953,-0.112304688,0.119140625,-10.71166992,-1.708984375,-5.279541016,23.93751908,23.37524802,-48.54273504,6.635,16.159337,75.64157217
12:17:45 PM,-0.395507813,0.255859375,1.069824219,-8.636474609,6.896972656,-7.232666016,23.22296627,24.45410562,-45.07539683,6.635,16.159337,75.64157217
12:17:45 PM,-0.036376953,-0.458007813,1.9765625,17.76123047,10.19287109,1.190185547,22.32977526,24.63391522,-40.39449023,7.928,16.1593305,75.641661
12:17:45 PM,-1.287109375,0.442626953,1.966552734,3.479003906,2.899169922,-7.080078125,20.90066964,26.07239202,-39.00755495,7.928,16.1593305,75.641661
12:17:45 PM,0.323486328,-0.114501953,0.849365234,28.62548828,4.39453125,7.232666016,21.25794605,28.58972642,-35.88695055,7.928,16.1593305,75.641661
12:17:45 PM,0.267578125,0.045898438,1.301025391,-18.61572266,7.171630859,-5.004882813,23.58024267,31.64648962,-35.71358364,7.928,16.1593305,75.641661
12:17:45 PM,0.895263672,-0.094726563,0.430664063,25.54321289,2.9296875,0.854492188,22.68705166,33.26477602,-34.50001526,7.928,16.1593305,75.641661
12:17:45 PM,-0.960449219,-0.048095703,1.186523438,-27.55737305,6.195068359,-15.86914063,22.86568987,33.08496642,-34.67338217,7.928,16.1593305,75.641661
12:17:45 PM,0.484375,-0.012451172,1.856445313,-2.014160156,6.34765625,-7.720947266,22.15113706,33.08496642,-35.020116,7.928,16.1593305,75.641661
12:17:45 PM,-0.475341797,0.646728516,0.604736328,-18.95141602,-17.08984375,-9.643554688,23.40160447,32.90515682,-36.92715201,7.928,16.1593305,75.641661
12:17:45 PM,-0.593017578,-0.033447266,0.684082031,6.164550781,-2.9296875,-2.532958984,21.79386065,33.08496642,-38.83418803,7.928,16.1593305,75.641661
12:17:45 PM,0.127197266,0.003417969,0.053466797,-1.861572266,7.415771484,-6.561279297,20.36475504,30.92725122,-37.79398657,7.928,16.1593305,75.641661
12:17:45 PM,1.023193359,-0.096923828,0.5234375,14.49584961,22.91870117,-0.213623047,22.32977526,33.98401442,-37.27388584,7.928,16.1593305,75.641661
12:17:45 PM,-0.283203125,-0.671875,1.746337891,23.40698242,-4.577636719,0.152587891,21.79386065,33.44458562,-37.44725275,7.928,16.1593305,75.641661
12:17:45 PM,-0.588867188,-0.187011719,1.134521484,-21.97265625,-14.67895508,-14.95361328,23.04432807,31.10706082,-41.08795788,7.928,16.1593305,75.641661
12:17:45 PM,0.232177734,0.209960938,0.847167969,6.469726563,-2.655029297,7.354736328,23.58024267,31.28687042,-40.91459096,7.928,16.1593305,75.641661
12:17:45 PM,-0.079833984,0.993164063,0.679931641,-28.22875977,6.439208984,-12.29858398,23.40160447,27.87048802,-40.74122405,7.928,16.1593305,75.641661
12:17:45 PM,0.099365234,-0.737792969,1.138427734,19.89746094,3.234863281,1.251220703,21.79386065,29.84839362,-41.60805861,7.928,16.1593305,75.641661
12:17:45 PM,0.306152344,-0.006835938,0.212646484,-1.037597656,-0.549316406,-2.532958984,21.97249886,28.94934562,-40.39449023,7.928,16.1593305,75.641661
12:17:45 PM,-0.599609375,-0.263916016,0.813720703,7.8125,-13.03100586,5.310058594,22.32977526,29.30896482,-38.3140873,7.928,16.1593305,75.641661
12:17:45 PM,0.223144531,0.224853516,0.034179688,-11.38305664,-1.373291016,-6.896972656,20.72203144,30.92725122,-37.10051893,7.928,16.1593305,75.641661
12:17:45 PM,0.929443359,-0.458984375,0.417236328,19.8059082,9.307861328,4.333496094,22.68705166,33.26477602,-36.58041819,7.928,16.1593305,75.641661
12:17:45 PM,-0.96484375,0.273681641,1.141357422,-23.37646484,-10.31494141,-9.613037109,21.79386065,35.24268162,-37.44725275,7.928,16.1593305,75.641661
12:17:45 PM,-0.463378906,0.433349609,1.566650391,4.943847656,-19.65332031,5.065917969,23.22296627,37.04077763,-38.48745421,7.928,16.1593305,75.641661
12:17:45 PM,-0.645751953,0.46484375,0.310791016,-21.27075195,13.45825195,-4.302978516,22.86568987,37.04077763,-41.60805861,7.928,16.1593305,75.641661
12:17:45 PM,1.479492188,-0.796875,1.985839844,42.41943359,26.33666992,14.52636719,24.11615728,36.14172962,-46.63569902,7.928,16.1593305,75.641661
12:17:45 PM,-0.610351563,0.25,2.211425781,13.30566406,-12.20703125,-3.143310547,24.11615728,36.14172962,-46.63569902,7.928,16.1593305,75.641661
12:17:46 PM,-0.538818359,-0.192871094,1.385498047,-11.68823242,-18.64624023,4.089355469,23.04432807,33.62439522,-49.06283578,7.928,16.1593305,75.641661
12:17:46 PM,0.318847656,0.424804688,-0.337890625,-29.51049805,-3.082275391,-2.9296875,22.68705166,29.66858402,-50.10303724,7.928,16.1593305,75.641661
12:17:46 PM,1.067871094,0.127441406,0.298339844,-0.305175781,19.83642578,-1.739501953,23.75888088,26.79163042,-51.14323871,7.928,16.1593305,75.641661
12:17:46 PM,0.570556641,0.001708984,0.641601563,7.873535156,-1.434326172,-3.814697266,22.86568987,24.09448642,-49.92967033,7.928,16.1593305,75.641661
12:17:46 PM,-0.254394531,0.166992188,1.325927734,6.683349609,-11.07788086,-4.699707031,23.58024267,21.57715201,-47.8492674,7.928,16.1593305,75.641661
12:17:46 PM,-1.475585938,0.334716797,1.137695313,-31.09741211,-13.54980469,-11.29150391,22.50841346,22.29639042,-42.99499389,7.928,16.1593305,75.641661
12:17:46 PM,0.502441406,-0.313232422,0.769042969,-5.218505859,14.95361328,2.319335938,22.50841346,24.09448642,-41.60805861,7.928,16.1593305,75.641661
12:17:46 PM,1.674072266,0.438476563,1.176513672,7.476806641,14.19067383,9.643554688,21.79386065,25.89258242,-38.48745421,7.928,16.1593305,75.641661
12:17:46 PM,-0.850341797,-0.233398438,2.295898438,-4.486083984,-19.83642578,-4.608154297,22.68705166,29.30896482,-35.88695055,7.928,16.1593305,75.641661
12:17:46 PM,-2.156738281,0.422851563,1.91015625,-43.85375977,-17.02880859,-12.11547852,21.79386065,30.92725122,-36.06031746,7.928,16.1593305,75.641661
12:17:46 PM,0.15625,0.12109375,0.724121094,8.331298828,21.484375,16.17431641,21.61522245,31.82629922,-34.84674908,7.928,16.1593305,75.641661
12:17:46 PM,1.797119141,-0.123535156,0.4140625,11.53564453,-0.091552734,7.293701172,20.90066964,33.26477602,-37.27388584,7.928,16.1593305,75.641661
12:17:46 PM,-0.697021484,0.293945313,0.663085938,-5.889892578,-23.49853516,-4.516601563,21.97249886,32.90515682,-37.62061966,7.928,16.1593305,75.641661
12:17:46 PM,-1.285400391,0.4140625,1.110839844,-33.32519531,2.716064453,-4.180908203,20.90066964,33.62439522,-37.62061966,7.928,16.1593305,75.641661
12:17:46 PM,1.255859375,-0.070556641,0.417480469,-11.71875,24.4140625,-0.823974609,22.50841346,33.44458562,-38.14072039,7.928,16.1593305,75.641661
12:17:46 PM,0.8125,-0.566894531,1.196044922,14.58740234,-13.27514648,8.453369141,21.79386065,30.56763202,-38.14072039,7.928,16.1593305,75.641661
12:17:46 PM,-1.828125,0.400390625,0.626220703,2.319335938,-20.5078125,-0.823974609,21.79386065,33.08496642,-38.14072039,7.928,16.1593305,75.641661
12:17:46 PM,-0.237548828,0.476806641,1.528564453,-14.58740234,10.80322266,-2.044677734,21.97249886,33.98401442,-39.70102259,7.928,16.1593305,75.641661
12:17:46 PM,0.508056641,-0.503173828,0.953613281,2.9296875,20.93505859,4.8828125,22.50841346,32.36572802,-39.8743895,7.928,16.1593305,75.641661
12:17:46 PM,-0.182861328,-0.278808594,1.245117188,14.31274414,-10.55908203,0.48828125,21.25794605,30.38782242,-40.74122405,7.928,16.1593305,75.641661
12:17:46 PM,-0.954345703,0.300292969,1.272705078,-8.453369141,-4.608154297,3.021240234,22.68705166,31.10706082,-42.12815934,7.928,16.1593305,75.641661
12:17:46 PM,0.248046875,0.372070313,1.155517578,-11.32202148,11.62719727,-0.061035156,22.86568987,28.40991682,-41.26132479,7.928,16.1593305,75.641661
12:17:46 PM,0.234130859,-0.071044922,0.107177734,-2.990722656,2.563476563,0.274658203,23.58024267,31.28687042,-39.18092186,7.928,16.1593305,75.641661
12:17:46 PM,0.023925781,-0.284423828,0.694335938,6.744384766,4.516601563,0.610351563,22.15113706,29.84839362,-37.79398657,7.928,16.1593305,75.641661
12:17:46 PM,-0.427490234,0.366210938,1.373535156,-6.378173828,5.554199219,2.319335938,22.15113706,32.72534722,-36.40705128,7.928,16.1593305,75.641661
12:17:46 PM,-0.470458984,0.453613281,1.53515625,0.48828125,-4.791259766,-1.434326172,22.15113706,35.24268162,-37.10051893,7.928,16.1593305,75.641661
12:17:46 PM,-0.307617188,-0.048095703,1.195556641,-4.333496094,-3.570556641,-2.288818359,22.15113706,35.24268162,-39.18092186,7.928,16.1593305,75.641661
12:17:46 PM,0.762207031,-0.256591797,-0.295410156,-11.62719727,11.56616211,-0.885009766,22.15113706,36.68115842,-39.8743895,7.928,16.1593305,75.641661
12:17:46 PM,1.255615234,-0.036132813,-1.478759766,-14.28222656,25.54321289,-8.972167969,22.32977526,38.29944483,-42.47489316,7.928,16.1593305,75.641661
12:17:46 PM,0.643798828,-0.082763672,-1.838867188,-10.40649414,41.015625,-7.32421875,22.68705166,35.06287202,-46.2889652,7.928,16.1593305,75.641661
12:17:46 PM,-0.745605469,-0.099609375,-0.053222656,-1.098632813,29.90722656,-6.256103516,23.40160447,34.34363362,-50.10303724,7.928,16.1593305,75.641661
12:17:46 PM,-0.57421875,0.848144531,1.298095703,-25.390625,9.338378906,-14.22119141,22.68705166,31.46668002,-52.53017399,7.928,16.1593305,75.641661
12:17:46 PM,-0.243896484,-0.117675781,1.611083984,-10.86425781,-6.591796875,-5.035400391,23.93751908,29.12915522,-50.96987179,7.928,16.1593305,75.641661
12:17:46 PM,-1.208007813,-0.068115234,0.832275391,-5.615234375,22.82714844,-7.720947266,24.29479548,26.25220162,-51.31660562,7.928,16.1593305,75.641661
12:17:46 PM,-2.961914063,0.986083984,6.208740234,11.23046875,19.56176758,17.70019531,22.32977526,24.27429602,-49.06283578,7.928,16.1593305,75.641661
12:17:46 PM,-2.259765625,0.980224609,5.832519531,25.14648438,-9.887695313,15.56396484,22.50841346,24.09448642,-47.15579976,7.928,16.1593305,75.641661
12:17:46 PM,-0.440185547,-0.243652344,1.248535156,-13.18359375,0.274658203,5.737304688,22.32977526,24.99353442,-43.16836081,7.928,16.1593305,75.641661
12:17:46 PM,1.116699219,-0.772460938,-1.738769531,2.899169922,48.40087891,11.26098633,21.61522245,27.15124962,-41.08795788,7.928,16.1593305,75.641661
12:17:46 PM,1.284179688,-0.16015625,-0.730712891,14.46533203,13.33618164,6.195068359,21.25794605,26.79163042,-39.35428877,7.928,16.1593305,75.641661
12:17:46 PM,1.310791016,0.783935547,-1.503173828,18.49365234,0.701904297,13.9465332,21.25794605,30.02820322,-35.88695055,7.928,16.1593305,75.641661
12:17:46 PM,1.851074219,-0.169189453,-1.806152344,-13.58032227,-11.84082031,-8.056640625,20.72203144,30.92725122,-35.36684982,7.928,16.1593305,75.641661
12:17:46 PM,0.422851563,-0.891113281,-0.159912109,12.78686523,15.22827148,0.457763672,21.97249886,32.90515682,-36.58041819,7.928,16.1593305,75.641661
12:17:46 PM,-0.404785156,0.322753906,2.034423828,17.33398438,10.31494141,8.575439453,21.25794605,34.34363362,-36.23368437,7.928,16.1593305,75.641661
12:17:46 PM,-3.754882813,0.995361328,7.999755859,6.896972656,-25.54321289,2.716064453,22.32977526,34.70325282,-37.27388584,7.928,16.1593305,75.641661
12:17:46 PM,-3.633789063,0.290527344,6.238525391,-20.53833008,-34.63745117,-4.577636719,20.54339324,32.18591842,-40.04775641,7.928,16.1593305,75.641661
12:17:46 PM,0.954345703,0.239013672,0.780517578,-17.27294922,6.011962891,0.946044922,21.07930784,32.00610882,-40.22112332,7.928,16.1593305,75.641661
12:17:46 PM,2.782470703,0.448730469,-3.348632813,-33.32519531,7.385253906,-4.699707031,21.79386065,31.64648962,-37.79398657,7.928,16.1593305,75.641661
12:17:46 PM,1.839111328,-0.350585938,-3.6640625,-12.51220703,-19.31762695,-6.103515625,20.72203144,32.72534722,-38.48745421,7.928,16.1593305,75.641661
12:17:46 PM,1.703369141,0.020507813,-1.052490234,-17.60864258,-1.373291016,-2.349853516,20.90066964,31.46668002,-40.39449023,7.928,16.1593305,75.641661
12:17:46 PM,0.321777344,-0.033203125,-0.313232422,-10.0402832,-20.14160156,6.103515625,23.04432807,32.18591842,-41.4346917,7.928,16.1593305,75.641661
12:17:46 PM,-2.171386719,0.130859375,2.092285156,5.340576172,-52.27661133,3.723144531,23.04432807,32.18591842,-41.4346917,7.928,16.1593305,75.641661
12:17:46 PM,-2.169921875,0.546386719,2.967041016,-22.15576172,-52.12402344,-2.777099609,23.04432807,32.18591842,-41.4346917,7.928,16.1593305,75.641661
12:17:46 PM,0.748046875,-0.171386719,1.737060547,15.625,-14.61791992,13.18359375,22.68705166,30.38782242,-42.82162698,7.928,16.1593305,75.641661
12:17:46 PM,0.909179688,-0.114990234,0.334472656,4.821777344,-25.93994141,-0.885009766,22.15113706,29.84839362,-42.99499389,7.928,16.1593305,75.641661
12:17:46 PM,0.01953125,-0.334228516,0.482910156,-1.159667969,-21.17919922,2.44140625,22.15113706,29.48877442,-41.26132479,7.928,16.1593305,75.641661
12:17:46 PM,-0.67578125,0.187011719,1.098876953,-18.34106445,-31.67724609,-7.904052734,21.79386065,31.28687042,-39.52765568,7.928,16.1593305,75.641661
12:17:46 PM,-0.2421875,0.815185547,-0.005126953,8.178710938,-2.105712891,4.943847656,22.15113706,32.72534722,-38.48745421,7.928,16.1593305,75.641661
12:17:46 PM,1.368408203,0.151611328,-0.434814453,18.98193359,20.53833008,9.887695313,22.15113706,33.80420482,-37.79398657,7.928,16.1593305,75.641661
12:17:46 PM,-0.764404297,-0.468017578,1.317382813,14.00756836,-7.263183594,3.814697266,22.86568987,37.76001603,-37.79398657,7.928,16.1593305,75.641661
12:17:46 PM,-2.261230469,0.6796875,2.312255859,-22.03369141,5.645751953,8.117675781,22.68705166,38.29944483,-42.47489316,7.928,16.1593305,75.641661
12:17:46 PM,-0.484130859,0.565673828,2.752685547,15.71655273,-17.51708984,19.77539063,21.79386065,37.40039683,-44.728663,7.928,16.1593305,75.641661
12:17:46 PM,-0.851318359,-0.120117188,0.234130859,-6.469726563,-26.21459961,10.28442383,21.97249886,36.86096803,-48.02263431,7.928,16.1593305,75.641661
12:17:46 PM,-0.088134766,0.283203125,0.974121094,-4.302978516,-6.042480469,18.43261719,23.93751908,33.44458562,-49.92967033,7.928,16.1593305,75.641661
12:17:46 PM,-0.690673828,0.353515625,1.205078125,6.8359375,-20.53833008,-0.274658203,23.58024267,31.28687042,-52.35680708,7.928,16.1593305,75.641661
12:17:46 PM,-0.999023438,0.09765625,0.899658203,-4.577636719,-29.96826172,4.272460938,25.9025393,28.23010722,-53.57037546,7.928,16.1593305,75.641661
12:17:46 PM,-0.666259766,0.084228516,-0.551025391,-5.798339844,-17.66967773,-5.706787109,24.65207189,25.89258242,-51.31660562,7.928,16.1593305,75.641661
12:17:46 PM,1.484130859,-0.162109375,0.469970703,34.39331055,49.83520508,3.967285156,23.93751908,24.45410562,-49.23620269,7.928,16.1593305,75.641661
12:17:46 PM,0.590576172,-0.291992188,1.619140625,42.02270508,21.05712891,-5.187988281,22.86568987,25.89258242,-45.42213065,7.928,16.1593305,75.641661
12:17:46 PM,-2.036132813,0.287353516,2.684570313,-11.4440918,9.27734375,-21.66748047,21.79386065,25.89258242,-43.34172772,7.928,16.1593305,75.641661
12:17:46 PM,0.000732422,0.21484375,2.415527344,-3.784179688,0.671386719,9.735107422,22.15113706,28.05029762,-40.56785714,7.928,16.1593305,75.641661
12:17:46 PM,0.965576172,-0.337890625,-0.788574219,-20.08056641,-2.777099609,-1.251220703,23.93751908,29.84839362,-38.48745421,7.928,16.1593305,75.641661
12:17:46 PM,1.955322266,0.365478516,-2.153320313,14.83154297,10.52856445,5.249023438,23.04432807,32.90515682,-37.27388584,7.928,16.1593305,75.641661
12:17:46 PM,0.174072266,-0.495117188,0.306396484,3.448486328,18.85986328,-9.826660156,21.97249886,33.98401442,-36.58041819,7.928,16.1593305,75.641661
12:17:46 PM,-1.376953125,-0.180175781,2.488525391,4.333496094,18.31054688,0.061035156,22.68705166,36.86096803,-36.58041819,7.928,16.1593305,75.641661
12:17:46 PM,-0.904052734,0.424804688,1.977294922,-17.05932617,7.507324219,3.204345703,25.00934829,36.68115842,-38.14072039,7.928,16.1593305,75.641661
12:17:46 PM,0.516357422,0.345947266,0.618896484,4.547119141,9.002685547,6.042480469,23.75888088,34.34363362,-40.04775641,7.928,16.1593305,75.641661
12:17:46 PM,-0.036132813,-0.057373047,-0.059814453,2.899169922,24.74975586,1.46484375,24.83071009,33.98401442,-40.39449023,9.133,16.15929917,75.64177433
12:17:46 PM,-0.980712891,0.155517578,2.251708984,0.396728516,5.004882813,-2.166748047,22.86568987,33.80420482,-39.8743895,9.133,16.15929917,75.64177433
12:17:46 PM,-0.448242188,0.50390625,1.96875,-13.00048828,14.67895508,0.091552734,21.61522245,36.14172962,-41.4346917,9.133,16.15929917,75.64177433
12:17:46 PM,0.184082031,-0.775390625,1.33984375,17.54760742,7.263183594,5.584716797,24.11615728,37.58020643,-37.96735348,9.133,16.15929917,75.64177433
12:17:46 PM,-1.15625,0.074462891,2.108154297,-11.56616211,-11.93237305,-12.23754883,23.40160447,37.22058723,-42.12815934,9.133,16.15929917,75.64177433
12:17:46 PM,-0.564453125,0.941162109,1.034667969,-17.02880859,5.981445313,-3.692626953,23.22296627,34.52344322,-43.34172772,9.133,16.15929917,75.64177433
12:17:46 PM,0.419921875,-0.021240234,0.29296875,15.01464844,23.19335938,0.091552734,23.58024267,33.08496642,-41.26132479,9.133,16.15929917,75.64177433
12:17:46 PM,-0.444335938,-0.200683594,0.784667969,9.338378906,2.349853516,-8.270263672,23.75888088,33.98401442,-41.4346917,9.133,16.15929917,75.64177433
12:17:46 PM,-0.181640625,-0.115478516,1.76171875,2.075195313,5.737304688,0.091552734,23.04432807,32.18591842,-39.70102259,9.133,16.15929917,75.64177433
12:17:46 PM,0.560058594,-0.402099609,0.697021484,-1.617431641,7.690429688,2.136230469,23.58024267,32.36572802,-39.52765568,9.133,16.15929917,75.64177433
12:17:46 PM,-0.009033203,0.060058594,0.324707031,-3.173828125,-0.671386719,-5.157470703,22.68705166,33.98401442,-39.70102259,9.133,16.15929917,75.64177433
12:17:46 PM,0.313476563,0.215332031,1.334472656,-6.378173828,17.76123047,-0.274658203,23.22296627,35.60230082,-37.44725275,9.133,16.15929917,75.64177433
12:17:46 PM,0.102783203,-0.078857422,1.141845703,0.823974609,-7.629394531,-0.244140625,23.04432807,37.22058723,-37.62061966,9.133,16.15929917,75.64177433
12:17:46 PM,-1.018798828,0.244140625,-0.019042969,-10.10131836,3.540039063,-5.218505859,23.93751908,39.55811203,-38.48745421,9.133,16.15929917,75.64177433
12:17:46 PM,1.134765625,0.017822266,0.439453125,27.00805664,11.90185547,13.12255859,23.22296627,39.91773123,-38.83418803,9.133,16.15929917,75.64177433
12:17:46 PM,-0.623779297,0.182128906,0.6875,10.0402832,-15.13671875,0.030517578,23.40160447,40.45716003,-42.12815934,9.133,16.15929917,75.64177433
12:17:46 PM,0.677490234,-0.006347656,1.581542969,3.326416016,9.674072266,4.364013672,23.58024267,38.83887363,-45.42213065,9.133,16.15929917,75.64177433
12:17:46 PM,0.736083984,-0.890869141,1.505859375,13.61083984,-8.30078125,6.805419922,23.93751908,36.68115842,-48.19600122,9.133,16.15929917,75.64177433
12:17:46 PM,-0.988525391,0.034423828,1.036621094,-6.500244141,-9.552001953,2.655029297,24.65207189,34.88306242,-50.62313797,9.133,16.15929917,75.64177433
12:17:46 PM,0.095214844,0.529052734,1.130615234,-12.26806641,2.075195313,6.774902344,25.9025393,31.10706082,-52.18344017,9.133,16.15929917,75.64177433
12:17:46 PM,0.583740234,0.163574219,1.166503906,-11.19995117,-11.35253906,-7.049560547,25.7239011,27.69067842,-52.01007326,9.133,16.15929917,75.64177433
12:17:46 PM,-0.974853516,-0.293212891,0.830322266,1.098632813,-22.61352539,3.051757813,25.18798649,25.35315362,-48.02263431,9.133,16.15929917,75.64177433
12:17:46 PM,-0.481445313,0.483886719,1.548095703,-7.843017578,-5.37109375,4.150390625,23.58024267,25.53296322,-45.07539683,9.133,16.15929917,75.64177433
12:17:46 PM,0.296386719,-0.122558594,0.275146484,6.652832031,-15.38085938,6.561279297,24.29479548,26.25220162,-41.60805861,9.133,16.15929917,75.64177433
